Watching for file changes with StatReloader
C:\Users\hp\Desktop\MAJOR\markets\markets\settings.py changed, reloading.
Watching for file changes with StatReloader
C:\Users\hp\Desktop\MAJOR\markets\markets\settings.py changed, reloading.
Watching for file changes with StatReloader
C:\Users\hp\Desktop\MAJOR\markets\markets\settings.py changed, reloading.
Watching for file changes with StatReloader
Watching for file changes with StatReloader
Internal Server Error: /account/signup/
Traceback (most recent call last):
  File "C:\Users\hp\Desktop\MAJOR\demo\Lib\site-packages\django\core\handlers\exception.py", line 55, in inner
    response = get_response(request)
  File "C:\Users\hp\Desktop\MAJOR\demo\Lib\site-packages\django\core\handlers\base.py", line 198, in _get_response
    response = wrapped_callback(request, *callback_args, **callback_kwargs)
  File "C:\Users\hp\Desktop\MAJOR\demo\Lib\site-packages\django_ratelimit\decorators.py", line 27, in _wrapped
    return fn(request, *args, **kw)
  File "C:\Users\hp\Desktop\MAJOR\markets\account\views.py", line 68, in signup
    email_message.send()
    ~~~~~~~~~~~~~~~~~~^^
  File "C:\Users\hp\Desktop\MAJOR\demo\Lib\site-packages\django\core\mail\message.py", line 358, in send
    return self.get_connection(fail_silently).send_messages([self])
           ~~~~~~~~~~~~~~~~~~~~~~~~~~~~~~~~~~~~~~~~~~~~~~~~^^^^^^^^
  File "C:\Users\hp\Desktop\MAJOR\demo\Lib\site-packages\django\core\mail\backends\smtp.py", line 130, in send_messages
    new_conn_created = self.open()
  File "C:\Users\hp\Desktop\MAJOR\demo\Lib\site-packages\django\core\mail\backends\smtp.py", line 97, in open
    self.connection.login(self.username, self.password)
    ~~~~~~~~~~~~~~~~~~~~~^^^^^^^^^^^^^^^^^^^^^^^^^^^^^^
  File "C:\Python314\Lib\smtplib.py", line 751, in login
    (code, resp) = self.auth(
                   ~~~~~~~~~^
        authmethod, getattr(self, method_name),
        ^^^^^^^^^^^^^^^^^^^^^^^^^^^^^^^^^^^^^^^
        initial_response_ok=initial_response_ok)
        ^^^^^^^^^^^^^^^^^^^^^^^^^^^^^^^^^^^^^^^^
  File "C:\Python314\Lib\smtplib.py", line 649, in auth
    (code, resp) = self.docmd("AUTH", mechanism + " " + response)
                   ~~~~~~~~~~^^^^^^^^^^^^^^^^^^^^^^^^^^^^^^^^^^^^
  File "C:\Python314\Lib\smtplib.py", line 439, in docmd
    return self.getreply()
           ~~~~~~~~~~~~~^^
  File "C:\Python314\Lib\smtplib.py", line 412, in getreply
    raise SMTPServerDisconnected("Connection unexpectedly closed")
smtplib.SMTPServerDisconnected: Connection unexpectedly closed
Not Found: /favicon.ico
C:\Users\hp\Desktop\MAJOR\markets\markets\settings.py changed, reloading.
Watching for file changes with StatReloader
Watching for file changes with StatReloader
C:\Users\hp\Desktop\MAJOR\markets\account\views.py changed, reloading.
Watching for file changes with StatReloader
C:\Users\hp\Desktop\MAJOR\markets\account\views.py changed, reloading.
Watching for file changes with StatReloader
C:\Users\hp\Desktop\MAJOR\markets\account\views.py changed, reloading.
Watching for file changes with StatReloader
C:\Users\hp\Desktop\MAJOR\markets\account\views.py changed, reloading.
Watching for file changes with StatReloader
C:\Users\hp\Desktop\MAJOR\markets\account\views.py changed, reloading.
Watching for file changes with StatReloader
C:\Users\hp\Desktop\MAJOR\markets\account\views.py changed, reloading.
Watching for file changes with StatReloader
C:\Users\hp\Desktop\MAJOR\markets\account\views.py changed, reloading.
Watching for file changes with StatReloader
C:\Users\hp\Desktop\MAJOR\markets\account\views.py changed, reloading.
Watching for file changes with StatReloader
C:\Users\hp\Desktop\MAJOR\markets\account\views.py changed, reloading.
Watching for file changes with StatReloader
C:\Users\hp\Desktop\MAJOR\markets\account\views.py changed, reloading.
Watching for file changes with StatReloader
C:\Users\hp\Desktop\MAJOR\markets\account\views.py changed, reloading.
Watching for file changes with StatReloader
C:\Users\hp\Desktop\MAJOR\markets\account\views.py changed, reloading.
Watching for file changes with StatReloader
C:\Users\hp\Desktop\MAJOR\markets\account\views.py changed, reloading.
Watching for file changes with StatReloader
C:\Users\hp\Desktop\MAJOR\markets\account\views.py changed, reloading.
Watching for file changes with StatReloader
C:\Users\hp\Desktop\MAJOR\markets\account\views.py changed, reloading.
Watching for file changes with StatReloader
C:\Users\hp\Desktop\MAJOR\markets\account\views.py changed, reloading.
Watching for file changes with StatReloader
C:\Users\hp\Desktop\MAJOR\markets\account\views.py changed, reloading.
Watching for file changes with StatReloader
Watching for file changes with StatReloader
Watching for file changes with StatReloader
C:\Users\hp\Desktop\MAJOR\markets\account\views.py changed, reloading.
Watching for file changes with StatReloader
C:\Users\hp\Desktop\MAJOR\markets\account\models.py changed, reloading.
Watching for file changes with StatReloader
C:\Users\hp\Desktop\MAJOR\markets\account\views.py changed, reloading.
Watching for file changes with StatReloader
C:\Users\hp\Desktop\MAJOR\markets\account\views.py changed, reloading.
Watching for file changes with StatReloader
C:\Users\hp\Desktop\MAJOR\markets\account\views.py changed, reloading.
Watching for file changes with StatReloader
C:\Users\hp\Desktop\MAJOR\markets\account\views.py changed, reloading.
Watching for file changes with StatReloader
C:\Users\hp\Desktop\MAJOR\markets\account\urls.py changed, reloading.
Watching for file changes with StatReloader
C:\Users\hp\Desktop\MAJOR\markets\events\views.py changed, reloading.
Watching for file changes with StatReloader
C:\Users\hp\Desktop\MAJOR\markets\events\views.py changed, reloading.
Watching for file changes with StatReloader
C:\Users\hp\Desktop\MAJOR\markets\events\views.py changed, reloading.
Watching for file changes with StatReloader
C:\Users\hp\Desktop\MAJOR\markets\events\views.py changed, reloading.
Watching for file changes with StatReloader
C:\Users\hp\Desktop\MAJOR\markets\events\views.py changed, reloading.
Watching for file changes with StatReloader
C:\Users\hp\Desktop\MAJOR\markets\events\views.py changed, reloading.
Watching for file changes with StatReloader
C:\Users\hp\Desktop\MAJOR\markets\events\views.py changed, reloading.
Watching for file changes with StatReloader
C:\Users\hp\Desktop\MAJOR\markets\events\views.py changed, reloading.
Watching for file changes with StatReloader
C:\Users\hp\Desktop\MAJOR\markets\events\views.py changed, reloading.
Watching for file changes with StatReloader
C:\Users\hp\Desktop\MAJOR\markets\events\views.py changed, reloading.
Watching for file changes with StatReloader
C:\Users\hp\Desktop\MAJOR\markets\events\views.py changed, reloading.
Watching for file changes with StatReloader
C:\Users\hp\Desktop\MAJOR\markets\events\views.py changed, reloading.
Watching for file changes with StatReloader
C:\Users\hp\Desktop\MAJOR\markets\events\views.py changed, reloading.
Watching for file changes with StatReloader
C:\Users\hp\Desktop\MAJOR\markets\events\views.py changed, reloading.
Watching for file changes with StatReloader
Watching for file changes with StatReloader
Watching for file changes with StatReloader
Watching for file changes with StatReloader
C:\Users\hp\Desktop\MAJOR\markets\events\keys.py changed, reloading.
Watching for file changes with StatReloader
C:\Users\hp\Desktop\MAJOR\markets\events\keys.py changed, reloading.
Watching for file changes with StatReloader
C:\Users\hp\Desktop\MAJOR\markets\events\keys.py changed, reloading.
Watching for file changes with StatReloader
C:\Users\hp\Desktop\MAJOR\markets\events\keys.py changed, reloading.
Watching for file changes with StatReloader
Internal Server Error: /account/signup/
Traceback (most recent call last):
  File "C:\Users\hp\Desktop\MAJOR\demo\Lib\site-packages\django\db\backends\utils.py", line 105, in _execute
    return self.cursor.execute(sql, params)
           ~~~~~~~~~~~~~~~~~~~^^^^^^^^^^^^^
  File "C:\Users\hp\Desktop\MAJOR\demo\Lib\site-packages\django\db\backends\sqlite3\base.py", line 359, in execute
    return super().execute(query, params)
           ~~~~~~~~~~~~~~~^^^^^^^^^^^^^^^
sqlite3.OperationalError: no such table: account_activationpin

The above exception was the direct cause of the following exception:

Traceback (most recent call last):
  File "C:\Users\hp\Desktop\MAJOR\demo\Lib\site-packages\django\core\handlers\exception.py", line 55, in inner
    response = get_response(request)
  File "C:\Users\hp\Desktop\MAJOR\demo\Lib\site-packages\django\core\handlers\base.py", line 198, in _get_response
    response = wrapped_callback(request, *callback_args, **callback_kwargs)
  File "C:\Users\hp\Desktop\MAJOR\demo\Lib\site-packages\django_ratelimit\decorators.py", line 27, in _wrapped
    return fn(request, *args, **kw)
  File "C:\Users\hp\Desktop\MAJOR\markets\account\views.py", line 59, in signup
    activation_pin = ActivationPin.create_for_user(user)
  File "C:\Users\hp\Desktop\MAJOR\markets\account\models.py", line 33, in create_for_user
    cls.objects.filter(user=user).delete()
    ~~~~~~~~~~~~~~~~~~~~~~~~~~~~~~~~~~~~^^
  File "C:\Users\hp\Desktop\MAJOR\demo\Lib\site-packages\django\db\models\query.py", line 1238, in delete
    num_deleted, num_deleted_per_model = collector.delete()
                                         ~~~~~~~~~~~~~~~~^^
  File "C:\Users\hp\Desktop\MAJOR\demo\Lib\site-packages\django\db\models\deletion.py", line 471, in delete
    count = qs._raw_delete(using=self.using)
  File "C:\Users\hp\Desktop\MAJOR\demo\Lib\site-packages\django\db\models\query.py", line 1260, in _raw_delete
    return query.get_compiler(using).execute_sql(ROW_COUNT)
           ~~~~~~~~~~~~~~~~~~~~~~~~~~~~~~~~~~~~~^^^^^^^^^^^
  File "C:\Users\hp\Desktop\MAJOR\demo\Lib\site-packages\django\db\models\sql\compiler.py", line 1624, in execute_sql
    cursor.execute(sql, params)
    ~~~~~~~~~~~~~~^^^^^^^^^^^^^
  File "C:\Users\hp\Desktop\MAJOR\demo\Lib\site-packages\django\db\backends\utils.py", line 122, in execute
    return super().execute(sql, params)
           ~~~~~~~~~~~~~~~^^^^^^^^^^^^^
  File "C:\Users\hp\Desktop\MAJOR\demo\Lib\site-packages\django\db\backends\utils.py", line 79, in execute
    return self._execute_with_wrappers(
           ~~~~~~~~~~~~~~~~~~~~~~~~~~~^
        sql, params, many=False, executor=self._execute
        ^^^^^^^^^^^^^^^^^^^^^^^^^^^^^^^^^^^^^^^^^^^^^^^
    )
    ^
  File "C:\Users\hp\Desktop\MAJOR\demo\Lib\site-packages\django\db\backends\utils.py", line 92, in _execute_with_wrappers
    return executor(sql, params, many, context)
  File "C:\Users\hp\Desktop\MAJOR\demo\Lib\site-packages\django\db\backends\utils.py", line 100, in _execute
    with self.db.wrap_database_errors:
         ^^^^^^^^^^^^^^^^^^^^^^^^^^^^
  File "C:\Users\hp\Desktop\MAJOR\demo\Lib\site-packages\django\db\utils.py", line 94, in __exit__
    raise dj_exc_value.with_traceback(traceback) from exc_value
  File "C:\Users\hp\Desktop\MAJOR\demo\Lib\site-packages\django\db\backends\utils.py", line 105, in _execute
    return self.cursor.execute(sql, params)
           ~~~~~~~~~~~~~~~~~~~^^^^^^^^^^^^^
  File "C:\Users\hp\Desktop\MAJOR\demo\Lib\site-packages\django\db\backends\sqlite3\base.py", line 359, in execute
    return super().execute(query, params)
           ~~~~~~~~~~~~~~~^^^^^^^^^^^^^^^
django.db.utils.OperationalError: no such table: account_activationpin
Not Found: /favicon.ico
Watching for file changes with StatReloader
Internal Server Error: /account/activate/OA/d7r2wy-c6d8133e6647bd744f7bf4190bf0db75/
Traceback (most recent call last):
  File "C:\Users\hp\Desktop\MAJOR\demo\Lib\site-packages\django\core\handlers\exception.py", line 55, in inner
    response = get_response(request)
  File "C:\Users\hp\Desktop\MAJOR\demo\Lib\site-packages\django\core\handlers\base.py", line 198, in _get_response
    response = wrapped_callback(request, *callback_args, **callback_kwargs)
  File "C:\Users\hp\Desktop\MAJOR\demo\Lib\site-packages\django\views\generic\base.py", line 106, in view
    return self.dispatch(request, *args, **kwargs)
           ~~~~~~~~~~~~~^^^^^^^^^^^^^^^^^^^^^^^^^^
  File "C:\Users\hp\Desktop\MAJOR\demo\Lib\site-packages\django\views\generic\base.py", line 145, in dispatch
    return handler(request, *args, **kwargs)
  File "C:\Users\hp\Desktop\MAJOR\markets\account\views.py", line 123, in get
    return render(request, 'account/activatefail.html')
  File "C:\Users\hp\Desktop\MAJOR\demo\Lib\site-packages\django\shortcuts.py", line 25, in render
    content = loader.render_to_string(template_name, context, request, using=using)
  File "C:\Users\hp\Desktop\MAJOR\demo\Lib\site-packages\django\template\loader.py", line 61, in render_to_string
    template = get_template(template_name, using=using)
  File "C:\Users\hp\Desktop\MAJOR\demo\Lib\site-packages\django\template\loader.py", line 19, in get_template
    raise TemplateDoesNotExist(template_name, chain=chain)
django.template.exceptions.TemplateDoesNotExist: account/activatefail.html
Not Found: /favicon.ico
C:\Users\hp\Desktop\MAJOR\markets\account\views.py changed, reloading.
Watching for file changes with StatReloader
C:\Users\hp\Desktop\MAJOR\markets\account\views.py changed, reloading.
Watching for file changes with StatReloader
C:\Users\hp\Desktop\MAJOR\markets\account\views.py changed, reloading.
Watching for file changes with StatReloader
C:\Users\hp\Desktop\MAJOR\markets\account\views.py changed, reloading.
Watching for file changes with StatReloader
C:\Users\hp\Desktop\MAJOR\markets\account\views.py changed, reloading.
Watching for file changes with StatReloader
C:\Users\hp\Desktop\MAJOR\markets\account\views.py changed, reloading.
Watching for file changes with StatReloader
C:\Users\hp\Desktop\MAJOR\markets\account\views.py changed, reloading.
Watching for file changes with StatReloader
C:\Users\hp\Desktop\MAJOR\markets\account\views.py changed, reloading.
Watching for file changes with StatReloader
C:\Users\hp\Desktop\MAJOR\markets\account\views.py changed, reloading.
Watching for file changes with StatReloader
Watching for file changes with StatReloader
Internal Server Error: /
Traceback (most recent call last):
  File "C:\Users\hp\Desktop\MAJOR\demo\Lib\site-packages\django\core\handlers\exception.py", line 55, in inner
    response = get_response(request)
  File "C:\Users\hp\Desktop\MAJOR\demo\Lib\site-packages\django\core\handlers\base.py", line 198, in _get_response
    response = wrapped_callback(request, *callback_args, **callback_kwargs)
  File "C:\Users\hp\Desktop\MAJOR\markets\events\views.py", line 22, in base
    return render(request, 'base.html', {'sitename': 'NiceRestaurant'})
  File "C:\Users\hp\Desktop\MAJOR\demo\Lib\site-packages\django\shortcuts.py", line 25, in render
    content = loader.render_to_string(template_name, context, request, using=using)
  File "C:\Users\hp\Desktop\MAJOR\demo\Lib\site-packages\django\template\loader.py", line 62, in render_to_string
    return template.render(context, request)
           ~~~~~~~~~~~~~~~^^^^^^^^^^^^^^^^^^
  File "C:\Users\hp\Desktop\MAJOR\demo\Lib\site-packages\django\template\backends\django.py", line 107, in render
    return self.template.render(context)
           ~~~~~~~~~~~~~~~~~~~~^^^^^^^^^
  File "C:\Users\hp\Desktop\MAJOR\demo\Lib\site-packages\django\template\base.py", line 174, in render
    return self._render(context)
           ~~~~~~~~~~~~^^^^^^^^^
  File "C:\Users\hp\Desktop\MAJOR\demo\Lib\site-packages\django\template\base.py", line 166, in _render
    return self.nodelist.render(context)
           ~~~~~~~~~~~~~~~~~~~~^^^^^^^^^
  File "C:\Users\hp\Desktop\MAJOR\demo\Lib\site-packages\django\template\base.py", line 1091, in render
    return SafeString("".join([node.render_annotated(context) for node in self]))
                               ~~~~~~~~~~~~~~~~~~~~~^^^^^^^^^
  File "C:\Users\hp\Desktop\MAJOR\demo\Lib\site-packages\django\template\base.py", line 1052, in render_annotated
    return self.render(context)
           ~~~~~~~~~~~^^^^^^^^^
  File "C:\Users\hp\Desktop\MAJOR\demo\Lib\site-packages\django\template\defaulttags.py", line 333, in render
    return nodelist.render(context)
           ~~~~~~~~~~~~~~~^^^^^^^^^
  File "C:\Users\hp\Desktop\MAJOR\demo\Lib\site-packages\django\template\base.py", line 1091, in render
    return SafeString("".join([node.render_annotated(context) for node in self]))
                               ~~~~~~~~~~~~~~~~~~~~~^^^^^^^^^
  File "C:\Users\hp\Desktop\MAJOR\demo\Lib\site-packages\django\template\base.py", line 1052, in render_annotated
    return self.render(context)
           ~~~~~~~~~~~^^^^^^^^^
  File "C:\Users\hp\Desktop\MAJOR\demo\Lib\site-packages\django\template\defaulttags.py", line 511, in render
    url = reverse(view_name, args=args, kwargs=kwargs, current_app=current_app)
  File "C:\Users\hp\Desktop\MAJOR\demo\Lib\site-packages\django\urls\base.py", line 98, in reverse
    resolved_url = resolver._reverse_with_prefix(view, prefix, *args, **kwargs)
  File "C:\Users\hp\Desktop\MAJOR\demo\Lib\site-packages\django\urls\resolvers.py", line 842, in _reverse_with_prefix
    raise NoReverseMatch(msg)
django.urls.exceptions.NoReverseMatch: Reverse for 'profile' not found. 'profile' is not a valid view function or pattern name.
C:\Users\hp\Desktop\MAJOR\markets\account\urls.py changed, reloading.
Watching for file changes with StatReloader
C:\Users\hp\Desktop\MAJOR\markets\account\views.py changed, reloading.
Watching for file changes with StatReloader
Internal Server Error: /account/profile/
Traceback (most recent call last):
  File "C:\Users\hp\Desktop\MAJOR\demo\Lib\site-packages\django\core\handlers\exception.py", line 55, in inner
    response = get_response(request)
  File "C:\Users\hp\Desktop\MAJOR\demo\Lib\site-packages\django\core\handlers\base.py", line 198, in _get_response
    response = wrapped_callback(request, *callback_args, **callback_kwargs)
  File "C:\Users\hp\Desktop\MAJOR\markets\account\views.py", line 102, in profile
    return render(request, 'account/profile.html')
  File "C:\Users\hp\Desktop\MAJOR\demo\Lib\site-packages\django\shortcuts.py", line 25, in render
    content = loader.render_to_string(template_name, context, request, using=using)
  File "C:\Users\hp\Desktop\MAJOR\demo\Lib\site-packages\django\template\loader.py", line 61, in render_to_string
    template = get_template(template_name, using=using)
  File "C:\Users\hp\Desktop\MAJOR\demo\Lib\site-packages\django\template\loader.py", line 19, in get_template
    raise TemplateDoesNotExist(template_name, chain=chain)
django.template.exceptions.TemplateDoesNotExist: account/profile.html
C:\Users\hp\Desktop\MAJOR\markets\account\views.py changed, reloading.
Watching for file changes with StatReloader
C:\Users\hp\Desktop\MAJOR\markets\account\views.py changed, reloading.
Watching for file changes with StatReloader
C:\Users\hp\Desktop\MAJOR\markets\account\views.py changed, reloading.
Watching for file changes with StatReloader
C:\Users\hp\Desktop\MAJOR\markets\account\views.py changed, reloading.
Watching for file changes with StatReloader
C:\Users\hp\Desktop\MAJOR\markets\account\views.py changed, reloading.
Watching for file changes with StatReloader
C:\Users\hp\Desktop\MAJOR\markets\account\views.py changed, reloading.
Watching for file changes with StatReloader
C:\Users\hp\Desktop\MAJOR\markets\account\views.py changed, reloading.
Watching for file changes with StatReloader
C:\Users\hp\Desktop\MAJOR\markets\account\views.py changed, reloading.
Watching for file changes with StatReloader
C:\Users\hp\Desktop\MAJOR\markets\account\views.py changed, reloading.
Watching for file changes with StatReloader
C:\Users\hp\Desktop\MAJOR\markets\account\views.py changed, reloading.
Watching for file changes with StatReloader
C:\Users\hp\Desktop\MAJOR\markets\account\views.py changed, reloading.
Watching for file changes with StatReloader
C:\Users\hp\Desktop\MAJOR\markets\account\views.py changed, reloading.
Watching for file changes with StatReloader
C:\Users\hp\Desktop\MAJOR\markets\account\views.py changed, reloading.
Watching for file changes with StatReloader
C:\Users\hp\Desktop\MAJOR\markets\account\views.py changed, reloading.
Watching for file changes with StatReloader
C:\Users\hp\Desktop\MAJOR\markets\account\views.py changed, reloading.
Watching for file changes with StatReloader
C:\Users\hp\Desktop\MAJOR\markets\markets\settings.py changed, reloading.
Watching for file changes with StatReloader
Watching for file changes with StatReloader
C:\Users\hp\Desktop\MAJOR\markets\account\views.py changed, reloading.
Watching for file changes with StatReloader
Internal Server Error: /account/profile/
Traceback (most recent call last):
  File "C:\Users\hp\Desktop\MAJOR\demo\Lib\site-packages\django\template\base.py", line 577, in parse
    compile_func = self.tags[command]
                   ~~~~~~~~~^^^^^^^^^
KeyError: 'endblock'

During handling of the above exception, another exception occurred:

Traceback (most recent call last):
  File "C:\Users\hp\Desktop\MAJOR\demo\Lib\site-packages\django\core\handlers\exception.py", line 55, in inner
    response = get_response(request)
  File "C:\Users\hp\Desktop\MAJOR\demo\Lib\site-packages\django\core\handlers\base.py", line 198, in _get_response
    response = wrapped_callback(request, *callback_args, **callback_kwargs)
  File "C:\Users\hp\Desktop\MAJOR\demo\Lib\site-packages\django\contrib\auth\decorators.py", line 59, in _view_wrapper
    return view_func(request, *args, **kwargs)
  File "C:\Users\hp\Desktop\MAJOR\markets\account\views.py", line 122, in profile
    return render(request, "profile.html", context)
  File "C:\Users\hp\Desktop\MAJOR\demo\Lib\site-packages\django\shortcuts.py", line 25, in render
    content = loader.render_to_string(template_name, context, request, using=using)
  File "C:\Users\hp\Desktop\MAJOR\demo\Lib\site-packages\django\template\loader.py", line 61, in render_to_string
    template = get_template(template_name, using=using)
  File "C:\Users\hp\Desktop\MAJOR\demo\Lib\site-packages\django\template\loader.py", line 15, in get_template
    return engine.get_template(template_name)
           ~~~~~~~~~~~~~~~~~~~^^^^^^^^^^^^^^^
  File "C:\Users\hp\Desktop\MAJOR\demo\Lib\site-packages\django\template\backends\django.py", line 79, in get_template
    return Template(self.engine.get_template(template_name), self)
                    ~~~~~~~~~~~~~~~~~~~~~~~~^^^^^^^^^^^^^^^
  File "C:\Users\hp\Desktop\MAJOR\demo\Lib\site-packages\django\template\engine.py", line 186, in get_template
    template, origin = self.find_template(template_name)
                       ~~~~~~~~~~~~~~~~~~^^^^^^^^^^^^^^^
  File "C:\Users\hp\Desktop\MAJOR\demo\Lib\site-packages\django\template\engine.py", line 159, in find_template
    template = loader.get_template(name, skip=skip)
  File "C:\Users\hp\Desktop\MAJOR\demo\Lib\site-packages\django\template\loaders\cached.py", line 57, in get_template
    template = super().get_template(template_name, skip)
  File "C:\Users\hp\Desktop\MAJOR\demo\Lib\site-packages\django\template\loaders\base.py", line 28, in get_template
    return Template(
        contents,
    ...<2 lines>...
        self.engine,
    )
  File "C:\Users\hp\Desktop\MAJOR\demo\Lib\site-packages\django\template\base.py", line 157, in __init__
    self.nodelist = self.compile_nodelist()
                    ~~~~~~~~~~~~~~~~~~~~~^^
  File "C:\Users\hp\Desktop\MAJOR\demo\Lib\site-packages\django\template\base.py", line 199, in compile_nodelist
    nodelist = parser.parse()
  File "C:\Users\hp\Desktop\MAJOR\demo\Lib\site-packages\django\template\base.py", line 585, in parse
    raise self.error(token, e)
  File "C:\Users\hp\Desktop\MAJOR\demo\Lib\site-packages\django\template\base.py", line 583, in parse
    compiled_result = compile_func(self, token)
  File "C:\Users\hp\Desktop\MAJOR\demo\Lib\site-packages\django\template\loader_tags.py", line 307, in do_extends
    nodelist = parser.parse()
  File "C:\Users\hp\Desktop\MAJOR\demo\Lib\site-packages\django\template\base.py", line 579, in parse
    self.invalid_block_tag(token, command, parse_until)
    ~~~~~~~~~~~~~~~~~~~~~~^^^^^^^^^^^^^^^^^^^^^^^^^^^^^
  File "C:\Users\hp\Desktop\MAJOR\demo\Lib\site-packages\django\template\base.py", line 644, in invalid_block_tag
    raise self.error(
    ...<3 lines>...
    )
django.template.exceptions.TemplateSyntaxError: Template: C:\Users\hp\Desktop\MAJOR\markets\templates\profile.html, Invalid block tag on line 52: 'endblock'. Did you forget to register or load this tag?
Not Found: /favicon.ico
Watching for file changes with StatReloader
C:\Users\hp\Desktop\MAJOR\markets\events\models.py changed, reloading.
Watching for file changes with StatReloader
C:\Users\hp\Desktop\MAJOR\markets\events\models.py changed, reloading.
Watching for file changes with StatReloader
C:\Users\hp\Desktop\MAJOR\markets\events\models.py changed, reloading.
Watching for file changes with StatReloader
C:\Users\hp\Desktop\MAJOR\markets\events\models.py changed, reloading.
Watching for file changes with StatReloader
C:\Users\hp\Desktop\MAJOR\markets\events\models.py changed, reloading.
Watching for file changes with StatReloader
C:\Users\hp\Desktop\MAJOR\markets\events\models.py changed, reloading.
Watching for file changes with StatReloader
C:\Users\hp\Desktop\MAJOR\markets\events\models.py changed, reloading.
Watching for file changes with StatReloader
C:\Users\hp\Desktop\MAJOR\markets\events\models.py changed, reloading.
Watching for file changes with StatReloader
C:\Users\hp\Desktop\MAJOR\markets\events\views.py changed, reloading.
Watching for file changes with StatReloader
C:\Users\hp\Desktop\MAJOR\markets\events\views.py changed, reloading.
Watching for file changes with StatReloader
C:\Users\hp\Desktop\MAJOR\markets\events\views.py changed, reloading.
Watching for file changes with StatReloader
C:\Users\hp\Desktop\MAJOR\markets\events\views.py changed, reloading.
Watching for file changes with StatReloader
C:\Users\hp\Desktop\MAJOR\markets\events\views.py changed, reloading.
Watching for file changes with StatReloader
C:\Users\hp\Desktop\MAJOR\markets\events\views.py changed, reloading.
Watching for file changes with StatReloader
C:\Users\hp\Desktop\MAJOR\markets\events\urls.py changed, reloading.
Watching for file changes with StatReloader
Watching for file changes with StatReloader
C:\Users\hp\Desktop\MAJOR\markets\markets\settings.py changed, reloading.
Watching for file changes with StatReloader
Watching for file changes with StatReloader
Internal Server Error: /account/profile/
Traceback (most recent call last):
  File "C:\Users\hp\Desktop\MAJOR\demo\Lib\site-packages\django\core\handlers\exception.py", line 55, in inner
    response = get_response(request)
  File "C:\Users\hp\Desktop\MAJOR\demo\Lib\site-packages\django\core\handlers\base.py", line 198, in _get_response
    response = wrapped_callback(request, *callback_args, **callback_kwargs)
  File "C:\Users\hp\Desktop\MAJOR\demo\Lib\site-packages\django\contrib\auth\decorators.py", line 59, in _view_wrapper
    return view_func(request, *args, **kwargs)
  File "C:\Users\hp\Desktop\MAJOR\markets\account\views.py", line 122, in profile
    return render(request, "profile.html", context)
  File "C:\Users\hp\Desktop\MAJOR\demo\Lib\site-packages\django\shortcuts.py", line 25, in render
    content = loader.render_to_string(template_name, context, request, using=using)
  File "C:\Users\hp\Desktop\MAJOR\demo\Lib\site-packages\django\template\loader.py", line 62, in render_to_string
    return template.render(context, request)
           ~~~~~~~~~~~~~~~^^^^^^^^^^^^^^^^^^
  File "C:\Users\hp\Desktop\MAJOR\demo\Lib\site-packages\django\template\backends\django.py", line 107, in render
    return self.template.render(context)
           ~~~~~~~~~~~~~~~~~~~~^^^^^^^^^
  File "C:\Users\hp\Desktop\MAJOR\demo\Lib\site-packages\django\template\base.py", line 172, in render
    with context.bind_template(self):
         ~~~~~~~~~~~~~~~~~~~~~^^^^^^
  File "C:\Python314\Lib\contextlib.py", line 141, in __enter__
    return next(self.gen)
  File "C:\Users\hp\Desktop\MAJOR\demo\Lib\site-packages\django\template\context.py", line 260, in bind_template
    processors = template.engine.template_context_processors + self._processors
                 ^^^^^^^^^^^^^^^^^^^^^^^^^^^^^^^^^^^^^^^^^^^
  File "C:\Users\hp\Desktop\MAJOR\demo\Lib\site-packages\django\utils\functional.py", line 47, in __get__
    res = instance.__dict__[self.name] = self.func(instance)
                                         ~~~~~~~~~^^^^^^^^^^
  File "C:\Users\hp\Desktop\MAJOR\demo\Lib\site-packages\django\template\engine.py", line 118, in template_context_processors
    return tuple(import_string(path) for path in context_processors)
           ^^^^^
  File "C:\Users\hp\Desktop\MAJOR\demo\Lib\site-packages\django\template\engine.py", line 118, in <genexpr>
    return tuple(import_string(path) for path in context_processors)
                 ~~~~~~~~~~~~~^^^^^^
  File "C:\Users\hp\Desktop\MAJOR\demo\Lib\site-packages\django\utils\module_loading.py", line 30, in import_string
    return cached_import(module_path, class_name)
  File "C:\Users\hp\Desktop\MAJOR\demo\Lib\site-packages\django\utils\module_loading.py", line 15, in cached_import
    module = import_module(module_path)
  File "C:\Python314\Lib\importlib\__init__.py", line 88, in import_module
    return _bootstrap._gcd_import(name[level:], package, level)
           ~~~~~~~~~~~~~~~~~~~~~~^^^^^^^^^^^^^^^^^^^^^^^^^^^^^^
  File "<frozen importlib._bootstrap>", line 1398, in _gcd_import
  File "<frozen importlib._bootstrap>", line 1371, in _find_and_load
  File "<frozen importlib._bootstrap>", line 1335, in _find_and_load_unlocked
ModuleNotFoundError: No module named 'events.context_processors'
Watching for file changes with StatReloader
Internal Server Error: /account/profile/
Traceback (most recent call last):
  File "C:\Users\hp\Desktop\MAJOR\demo\Lib\site-packages\django\core\handlers\exception.py", line 55, in inner
    response = get_response(request)
  File "C:\Users\hp\Desktop\MAJOR\demo\Lib\site-packages\django\core\handlers\base.py", line 198, in _get_response
    response = wrapped_callback(request, *callback_args, **callback_kwargs)
  File "C:\Users\hp\Desktop\MAJOR\demo\Lib\site-packages\django\contrib\auth\decorators.py", line 59, in _view_wrapper
    return view_func(request, *args, **kwargs)
  File "C:\Users\hp\Desktop\MAJOR\markets\account\views.py", line 122, in profile
    return render(request, "profile.html", context)
  File "C:\Users\hp\Desktop\MAJOR\demo\Lib\site-packages\django\shortcuts.py", line 25, in render
    content = loader.render_to_string(template_name, context, request, using=using)
  File "C:\Users\hp\Desktop\MAJOR\demo\Lib\site-packages\django\template\loader.py", line 62, in render_to_string
    return template.render(context, request)
           ~~~~~~~~~~~~~~~^^^^^^^^^^^^^^^^^^
  File "C:\Users\hp\Desktop\MAJOR\demo\Lib\site-packages\django\template\backends\django.py", line 107, in render
    return self.template.render(context)
           ~~~~~~~~~~~~~~~~~~~~^^^^^^^^^
  File "C:\Users\hp\Desktop\MAJOR\demo\Lib\site-packages\django\template\base.py", line 174, in render
    return self._render(context)
           ~~~~~~~~~~~~^^^^^^^^^
  File "C:\Users\hp\Desktop\MAJOR\demo\Lib\site-packages\django\template\base.py", line 166, in _render
    return self.nodelist.render(context)
           ~~~~~~~~~~~~~~~~~~~~^^^^^^^^^
  File "C:\Users\hp\Desktop\MAJOR\demo\Lib\site-packages\django\template\base.py", line 1091, in render
    return SafeString("".join([node.render_annotated(context) for node in self]))
                               ~~~~~~~~~~~~~~~~~~~~~^^^^^^^^^
  File "C:\Users\hp\Desktop\MAJOR\demo\Lib\site-packages\django\template\base.py", line 1052, in render_annotated
    return self.render(context)
           ~~~~~~~~~~~^^^^^^^^^
  File "C:\Users\hp\Desktop\MAJOR\demo\Lib\site-packages\django\template\loader_tags.py", line 160, in render
    return compiled_parent._render(context)
           ~~~~~~~~~~~~~~~~~~~~~~~^^^^^^^^^
  File "C:\Users\hp\Desktop\MAJOR\demo\Lib\site-packages\django\template\base.py", line 166, in _render
    return self.nodelist.render(context)
           ~~~~~~~~~~~~~~~~~~~~^^^^^^^^^
  File "C:\Users\hp\Desktop\MAJOR\demo\Lib\site-packages\django\template\base.py", line 1091, in render
    return SafeString("".join([node.render_annotated(context) for node in self]))
                               ~~~~~~~~~~~~~~~~~~~~~^^^^^^^^^
  File "C:\Users\hp\Desktop\MAJOR\demo\Lib\site-packages\django\template\base.py", line 1052, in render_annotated
    return self.render(context)
           ~~~~~~~~~~~^^^^^^^^^
  File "C:\Users\hp\Desktop\MAJOR\demo\Lib\site-packages\django\template\defaulttags.py", line 511, in render
    url = reverse(view_name, args=args, kwargs=kwargs, current_app=current_app)
  File "C:\Users\hp\Desktop\MAJOR\demo\Lib\site-packages\django\urls\base.py", line 98, in reverse
    resolved_url = resolver._reverse_with_prefix(view, prefix, *args, **kwargs)
  File "C:\Users\hp\Desktop\MAJOR\demo\Lib\site-packages\django\urls\resolvers.py", line 842, in _reverse_with_prefix
    raise NoReverseMatch(msg)
django.urls.exceptions.NoReverseMatch: Reverse for 'cart_detail' not found. 'cart_detail' is not a valid view function or pattern name.
C:\Users\hp\Desktop\MAJOR\markets\events\urls.py changed, reloading.
Watching for file changes with StatReloader
C:\Users\hp\Desktop\MAJOR\markets\events\views.py changed, reloading.
Watching for file changes with StatReloader
C:\Users\hp\Desktop\MAJOR\markets\events\views.py changed, reloading.
Watching for file changes with StatReloader
Watching for file changes with StatReloader
Internal Server Error: /cart/
Traceback (most recent call last):
  File "C:\Users\hp\Desktop\MAJOR\demo\Lib\site-packages\django\core\handlers\exception.py", line 55, in inner
    response = get_response(request)
  File "C:\Users\hp\Desktop\MAJOR\demo\Lib\site-packages\django\core\handlers\base.py", line 198, in _get_response
    response = wrapped_callback(request, *callback_args, **callback_kwargs)
  File "C:\Users\hp\Desktop\MAJOR\markets\events\views.py", line 180, in cart_detail
    return render(request, 'events/cart_detail.html')
  File "C:\Users\hp\Desktop\MAJOR\demo\Lib\site-packages\django\shortcuts.py", line 25, in render
    content = loader.render_to_string(template_name, context, request, using=using)
  File "C:\Users\hp\Desktop\MAJOR\demo\Lib\site-packages\django\template\loader.py", line 61, in render_to_string
    template = get_template(template_name, using=using)
  File "C:\Users\hp\Desktop\MAJOR\demo\Lib\site-packages\django\template\loader.py", line 19, in get_template
    raise TemplateDoesNotExist(template_name, chain=chain)
django.template.exceptions.TemplateDoesNotExist: events/cart_detail.html
Watching for file changes with StatReloader
C:\Users\hp\Desktop\MAJOR\markets\events\views.py changed, reloading.
Watching for file changes with StatReloader
C:\Users\hp\Desktop\MAJOR\markets\events\views.py changed, reloading.
Watching for file changes with StatReloader
C:\Users\hp\Desktop\MAJOR\markets\events\views.py changed, reloading.
Watching for file changes with StatReloader
Watching for file changes with StatReloader
C:\Users\hp\Desktop\MAJOR\markets\events\views.py changed, reloading.
Watching for file changes with StatReloader
C:\Users\hp\Desktop\MAJOR\markets\events\views.py changed, reloading.
Watching for file changes with StatReloader
C:\Users\hp\Desktop\MAJOR\markets\events\views.py changed, reloading.
Watching for file changes with StatReloader
C:\Users\hp\Desktop\MAJOR\markets\events\views.py changed, reloading.
Watching for file changes with StatReloader
C:\Users\hp\Desktop\MAJOR\markets\events\views.py changed, reloading.
Watching for file changes with StatReloader
C:\Users\hp\Desktop\MAJOR\markets\events\models.py changed, reloading.
Watching for file changes with StatReloader
C:\Users\hp\Desktop\MAJOR\markets\events\models.py changed, reloading.
Watching for file changes with StatReloader
C:\Users\hp\Desktop\MAJOR\markets\events\views.py changed, reloading.
Watching for file changes with StatReloader
C:\Users\hp\Desktop\MAJOR\markets\events\views.py changed, reloading.
Watching for file changes with StatReloader
C:\Users\hp\Desktop\MAJOR\markets\events\views.py changed, reloading.
Watching for file changes with StatReloader
C:\Users\hp\Desktop\MAJOR\markets\events\views.py changed, reloading.
Watching for file changes with StatReloader
C:\Users\hp\Desktop\MAJOR\markets\events\views.py changed, reloading.
Watching for file changes with StatReloader
C:\Users\hp\Desktop\MAJOR\markets\events\views.py changed, reloading.
Watching for file changes with StatReloader
Watching for file changes with StatReloader
Internal Server Error: /
Traceback (most recent call last):
  File "C:\Users\hp\Desktop\MAJOR\demo\Lib\site-packages\django\core\handlers\exception.py", line 55, in inner
    response = get_response(request)
  File "C:\Users\hp\Desktop\MAJOR\demo\Lib\site-packages\django\core\handlers\base.py", line 198, in _get_response
    response = wrapped_callback(request, *callback_args, **callback_kwargs)
  File "C:\Users\hp\Desktop\MAJOR\markets\events\views.py", line 26, in base
    return render(request, 'base.html', {'sitename': 'NiceRestaurant'})
  File "C:\Users\hp\Desktop\MAJOR\demo\Lib\site-packages\django\shortcuts.py", line 25, in render
    content = loader.render_to_string(template_name, context, request, using=using)
  File "C:\Users\hp\Desktop\MAJOR\demo\Lib\site-packages\django\template\loader.py", line 62, in render_to_string
    return template.render(context, request)
           ~~~~~~~~~~~~~~~^^^^^^^^^^^^^^^^^^
  File "C:\Users\hp\Desktop\MAJOR\demo\Lib\site-packages\django\template\backends\django.py", line 107, in render
    return self.template.render(context)
           ~~~~~~~~~~~~~~~~~~~~^^^^^^^^^
  File "C:\Users\hp\Desktop\MAJOR\demo\Lib\site-packages\django\template\base.py", line 174, in render
    return self._render(context)
           ~~~~~~~~~~~~^^^^^^^^^
  File "C:\Users\hp\Desktop\MAJOR\demo\Lib\site-packages\django\template\base.py", line 166, in _render
    return self.nodelist.render(context)
           ~~~~~~~~~~~~~~~~~~~~^^^^^^^^^
  File "C:\Users\hp\Desktop\MAJOR\demo\Lib\site-packages\django\template\base.py", line 1091, in render
    return SafeString("".join([node.render_annotated(context) for node in self]))
                               ~~~~~~~~~~~~~~~~~~~~~^^^^^^^^^
  File "C:\Users\hp\Desktop\MAJOR\demo\Lib\site-packages\django\template\base.py", line 1052, in render_annotated
    return self.render(context)
           ~~~~~~~~~~~^^^^^^^^^
  File "C:\Users\hp\Desktop\MAJOR\demo\Lib\site-packages\django\template\defaulttags.py", line 511, in render
    url = reverse(view_name, args=args, kwargs=kwargs, current_app=current_app)
  File "C:\Users\hp\Desktop\MAJOR\demo\Lib\site-packages\django\urls\base.py", line 98, in reverse
    resolved_url = resolver._reverse_with_prefix(view, prefix, *args, **kwargs)
  File "C:\Users\hp\Desktop\MAJOR\demo\Lib\site-packages\django\urls\resolvers.py", line 842, in _reverse_with_prefix
    raise NoReverseMatch(msg)
django.urls.exceptions.NoReverseMatch: Reverse for 'menu_view' not found. 'menu_view' is not a valid view function or pattern name.
C:\Users\hp\Desktop\MAJOR\markets\events\urls.py changed, reloading.
Watching for file changes with StatReloader
C:\Users\hp\Desktop\MAJOR\markets\events\views.py changed, reloading.
Watching for file changes with StatReloader
Watching for file changes with StatReloader
Watching for file changes with StatReloader
C:\Users\hp\Desktop\MAJOR\markets\events\views.py changed, reloading.
Watching for file changes with StatReloader
C:\Users\hp\Desktop\MAJOR\markets\events\urls.py changed, reloading.
Watching for file changes with StatReloader
Watching for file changes with StatReloader
C:\Users\hp\Desktop\MAJOR\markets\events\views.py changed, reloading.
Watching for file changes with StatReloader
C:\Users\hp\Desktop\MAJOR\markets\events\views.py changed, reloading.
Watching for file changes with StatReloader
C:\Users\hp\Desktop\MAJOR\markets\events\views.py changed, reloading.
Watching for file changes with StatReloader
C:\Users\hp\Desktop\MAJOR\markets\events\views.py changed, reloading.
Watching for file changes with StatReloader
Watching for file changes with StatReloader
Watching for file changes with StatReloader
Watching for file changes with StatReloader
C:\Users\hp\Desktop\MAJOR\markets\events\views.py changed, reloading.
Watching for file changes with StatReloader
Watching for file changes with StatReloader
Watching for file changes with StatReloader
Watching for file changes with StatReloader
Watching for file changes with StatReloader
Watching for file changes with StatReloader
Watching for file changes with StatReloader
Watching for file changes with StatReloader
Watching for file changes with StatReloader
C:\Users\hp\Desktop\MAJOR\markets\events\views.py changed, reloading.
Watching for file changes with StatReloader
C:\Users\hp\Desktop\MAJOR\markets\events\views.py changed, reloading.
Watching for file changes with StatReloader
C:\Users\hp\Desktop\MAJOR\markets\events\views.py changed, reloading.
Watching for file changes with StatReloader
Not Found: /.well-known/appspecific/com.chrome.devtools.json
Watching for file changes with StatReloader
Watching for file changes with StatReloader
Not Found: /favicon.ico
C:\Users\hp\Desktop\MAJOR\markets\events\apps.py changed, reloading.
Watching for file changes with StatReloader
C:\Users\hp\Desktop\MAJOR\markets\events\models.py changed, reloading.
Watching for file changes with StatReloader
Watching for file changes with StatReloader
Watching for file changes with StatReloader
C:\Users\hp\Desktop\MAJOR\markets\events\views.py changed, reloading.
Watching for file changes with StatReloader
C:\Users\hp\Desktop\MAJOR\markets\events\views.py changed, reloading.
Watching for file changes with StatReloader
C:\Users\hp\Desktop\MAJOR\markets\events\views.py changed, reloading.
Watching for file changes with StatReloader
C:\Users\hp\Desktop\MAJOR\markets\events\views.py changed, reloading.
Watching for file changes with StatReloader
C:\Users\hp\Desktop\MAJOR\markets\events\views.py changed, reloading.
Watching for file changes with StatReloader
C:\Users\hp\Desktop\MAJOR\markets\events\views.py changed, reloading.
Watching for file changes with StatReloader
C:\Users\hp\Desktop\MAJOR\markets\events\views.py changed, reloading.
Watching for file changes with StatReloader
C:\Users\hp\Desktop\MAJOR\markets\events\views.py changed, reloading.
Watching for file changes with StatReloader
C:\Users\hp\Desktop\MAJOR\markets\events\views.py changed, reloading.
Watching for file changes with StatReloader
C:\Users\hp\Desktop\MAJOR\markets\events\views.py changed, reloading.
Watching for file changes with StatReloader
C:\Users\hp\Desktop\MAJOR\markets\events\views.py changed, reloading.
Watching for file changes with StatReloader
C:\Users\hp\Desktop\MAJOR\markets\events\views.py changed, reloading.
Watching for file changes with StatReloader
C:\Users\hp\Desktop\MAJOR\markets\events\views.py changed, reloading.
Watching for file changes with StatReloader
C:\Users\hp\Desktop\MAJOR\markets\events\views.py changed, reloading.
Watching for file changes with StatReloader
C:\Users\hp\Desktop\MAJOR\markets\events\views.py changed, reloading.
Watching for file changes with StatReloader
C:\Users\hp\Desktop\MAJOR\markets\events\views.py changed, reloading.
Watching for file changes with StatReloader
C:\Users\hp\Desktop\MAJOR\markets\events\views.py changed, reloading.
Watching for file changes with StatReloader
C:\Users\hp\Desktop\MAJOR\markets\events\views.py changed, reloading.
Watching for file changes with StatReloader
C:\Users\hp\Desktop\MAJOR\markets\events\views.py changed, reloading.
Watching for file changes with StatReloader
C:\Users\hp\Desktop\MAJOR\markets\events\views.py changed, reloading.
Watching for file changes with StatReloader
C:\Users\hp\Desktop\MAJOR\markets\events\views.py changed, reloading.
Watching for file changes with StatReloader
C:\Users\hp\Desktop\MAJOR\markets\events\views.py changed, reloading.
Watching for file changes with StatReloader
C:\Users\hp\Desktop\MAJOR\markets\events\views.py changed, reloading.
Watching for file changes with StatReloader
C:\Users\hp\Desktop\MAJOR\markets\events\views.py changed, reloading.
Watching for file changes with StatReloader
C:\Users\hp\Desktop\MAJOR\markets\events\views.py changed, reloading.
Watching for file changes with StatReloader
C:\Users\hp\Desktop\MAJOR\markets\events\views.py changed, reloading.
Watching for file changes with StatReloader
C:\Users\hp\Desktop\MAJOR\markets\events\views.py changed, reloading.
Watching for file changes with StatReloader
C:\Users\hp\Desktop\MAJOR\markets\events\views.py changed, reloading.
Watching for file changes with StatReloader
C:\Users\hp\Desktop\MAJOR\markets\events\views.py changed, reloading.
Watching for file changes with StatReloader
C:\Users\hp\Desktop\MAJOR\markets\events\views.py changed, reloading.
Watching for file changes with StatReloader
C:\Users\hp\Desktop\MAJOR\markets\events\views.py changed, reloading.
Watching for file changes with StatReloader
C:\Users\hp\Desktop\MAJOR\markets\events\views.py changed, reloading.
Watching for file changes with StatReloader
C:\Users\hp\Desktop\MAJOR\markets\events\views.py changed, reloading.
Watching for file changes with StatReloader
C:\Users\hp\Desktop\MAJOR\markets\markets\urls.py changed, reloading.
Watching for file changes with StatReloader
C:\Users\hp\Desktop\MAJOR\markets\markets\urls.py changed, reloading.
Watching for file changes with StatReloader
C:\Users\hp\Desktop\MAJOR\markets\events\views.py changed, reloading.
Watching for file changes with StatReloader
C:\Users\hp\Desktop\MAJOR\markets\events\views.py changed, reloading.
Watching for file changes with StatReloader
Not Found: /favicon.ico
Not Found: /.well-known/appspecific/com.chrome.devtools.json
C:\Users\hp\Desktop\MAJOR\markets\events\models.py changed, reloading.
Watching for file changes with StatReloader
C:\Users\hp\Desktop\MAJOR\markets\events\models.py changed, reloading.
Watching for file changes with StatReloader
Watching for file changes with StatReloader
Internal Server Error: /menu/
Traceback (most recent call last):
  File "C:\Users\hp\Desktop\MAJOR\markets\venv\Lib\site-packages\django\core\handlers\exception.py", line 55, in inner
    response = get_response(request)
  File "C:\Users\hp\Desktop\MAJOR\markets\venv\Lib\site-packages\django\core\handlers\base.py", line 198, in _get_response
    response = wrapped_callback(request, *callback_args, **callback_kwargs)
  File "C:\Users\hp\Desktop\MAJOR\markets\events\views.py", line 227, in menu_view
    return render(request, 'events/menu.html', context)
  File "C:\Users\hp\Desktop\MAJOR\markets\venv\Lib\site-packages\django\shortcuts.py", line 25, in render
    content = loader.render_to_string(template_name, context, request, using=using)
  File "C:\Users\hp\Desktop\MAJOR\markets\venv\Lib\site-packages\django\template\loader.py", line 61, in render_to_string
    template = get_template(template_name, using=using)
  File "C:\Users\hp\Desktop\MAJOR\markets\venv\Lib\site-packages\django\template\loader.py", line 15, in get_template
    return engine.get_template(template_name)
           ~~~~~~~~~~~~~~~~~~~^^^^^^^^^^^^^^^
  File "C:\Users\hp\Desktop\MAJOR\markets\venv\Lib\site-packages\django\template\backends\django.py", line 79, in get_template
    return Template(self.engine.get_template(template_name), self)
                    ~~~~~~~~~~~~~~~~~~~~~~~~^^^^^^^^^^^^^^^
  File "C:\Users\hp\Desktop\MAJOR\markets\venv\Lib\site-packages\django\template\engine.py", line 186, in get_template
    template, origin = self.find_template(template_name)
                       ~~~~~~~~~~~~~~~~~~^^^^^^^^^^^^^^^
  File "C:\Users\hp\Desktop\MAJOR\markets\venv\Lib\site-packages\django\template\engine.py", line 159, in find_template
    template = loader.get_template(name, skip=skip)
  File "C:\Users\hp\Desktop\MAJOR\markets\venv\Lib\site-packages\django\template\loaders\cached.py", line 57, in get_template
    template = super().get_template(template_name, skip)
  File "C:\Users\hp\Desktop\MAJOR\markets\venv\Lib\site-packages\django\template\loaders\base.py", line 28, in get_template
    return Template(
        contents,
    ...<2 lines>...
        self.engine,
    )
  File "C:\Users\hp\Desktop\MAJOR\markets\venv\Lib\site-packages\django\template\base.py", line 157, in __init__
    self.nodelist = self.compile_nodelist()
                    ~~~~~~~~~~~~~~~~~~~~~^^
  File "C:\Users\hp\Desktop\MAJOR\markets\venv\Lib\site-packages\django\template\base.py", line 199, in compile_nodelist
    nodelist = parser.parse()
  File "C:\Users\hp\Desktop\MAJOR\markets\venv\Lib\site-packages\django\template\base.py", line 585, in parse
    raise self.error(token, e)
  File "C:\Users\hp\Desktop\MAJOR\markets\venv\Lib\site-packages\django\template\base.py", line 583, in parse
    compiled_result = compile_func(self, token)
  File "C:\Users\hp\Desktop\MAJOR\markets\venv\Lib\site-packages\django\template\loader_tags.py", line 307, in do_extends
    nodelist = parser.parse()
  File "C:\Users\hp\Desktop\MAJOR\markets\venv\Lib\site-packages\django\template\base.py", line 585, in parse
    raise self.error(token, e)
  File "C:\Users\hp\Desktop\MAJOR\markets\venv\Lib\site-packages\django\template\base.py", line 583, in parse
    compiled_result = compile_func(self, token)
  File "C:\Users\hp\Desktop\MAJOR\markets\venv\Lib\site-packages\django\template\loader_tags.py", line 235, in do_block
    nodelist = parser.parse(("endblock",))
  File "C:\Users\hp\Desktop\MAJOR\markets\venv\Lib\site-packages\django\template\base.py", line 590, in parse
    self.unclosed_block_tag(parse_until)
    ~~~~~~~~~~~~~~~~~~~~~~~^^^^^^^^^^^^^
  File "C:\Users\hp\Desktop\MAJOR\markets\venv\Lib\site-packages\django\template\base.py", line 657, in unclosed_block_tag
    raise self.error(token, msg)
django.template.exceptions.TemplateSyntaxError: Template: C:\Users\hp\Desktop\MAJOR\markets\events\templates\events\menu.html, Unclosed tag on line 1: 'block'. Looking for one of: endblock.
Watching for file changes with StatReloader
C:\Users\hp\Desktop\MAJOR\markets\events\views.py changed, reloading.
C:\Users\hp\Desktop\MAJOR\markets\events\views.py changed, reloading.
Watching for file changes with StatReloader
Watching for file changes with StatReloader
C:\Users\hp\Desktop\MAJOR\markets\markets\settings.py changed, reloading.
C:\Users\hp\Desktop\MAJOR\markets\markets\settings.py changed, reloading.
Watching for file changes with StatReloader
Watching for file changes with StatReloader
C:\Users\hp\Desktop\MAJOR\markets\markets\urls.py changed, reloading.
C:\Users\hp\Desktop\MAJOR\markets\markets\urls.py changed, reloading.
Watching for file changes with StatReloader
Watching for file changes with StatReloader
C:\Users\hp\Desktop\MAJOR\markets\markets\urls.py changed, reloading.
C:\Users\hp\Desktop\MAJOR\markets\markets\urls.py changed, reloading.
Watching for file changes with StatReloader
Watching for file changes with StatReloader
C:\Users\hp\Desktop\MAJOR\markets\markets\urls.py changed, reloading.
C:\Users\hp\Desktop\MAJOR\markets\markets\urls.py changed, reloading.
Watching for file changes with StatReloader
Watching for file changes with StatReloader
C:\Users\hp\Desktop\MAJOR\markets\markets\urls.py changed, reloading.
C:\Users\hp\Desktop\MAJOR\markets\markets\urls.py changed, reloading.
Watching for file changes with StatReloader
Watching for file changes with StatReloader
C:\Users\hp\Desktop\MAJOR\markets\events\models.py changed, reloading.
Watching for file changes with StatReloader
C:\Users\hp\Desktop\MAJOR\markets\events\models.py changed, reloading.
Watching for file changes with StatReloader
C:\Users\hp\Desktop\MAJOR\markets\events\views.py changed, reloading.
C:\Users\hp\Desktop\MAJOR\markets\events\views.py changed, reloading.
Watching for file changes with StatReloader
Watching for file changes with StatReloader
C:\Users\hp\Desktop\MAJOR\markets\events\views.py changed, reloading.
C:\Users\hp\Desktop\MAJOR\markets\events\views.py changed, reloading.
Watching for file changes with StatReloader
Watching for file changes with StatReloader
C:\Users\hp\Desktop\MAJOR\markets\events\views.py changed, reloading.
C:\Users\hp\Desktop\MAJOR\markets\events\views.py changed, reloading.
Watching for file changes with StatReloader
Watching for file changes with StatReloader
C:\Users\hp\Desktop\MAJOR\markets\events\views.py changed, reloading.
C:\Users\hp\Desktop\MAJOR\markets\events\views.py changed, reloading.
Watching for file changes with StatReloader
Watching for file changes with StatReloader
C:\Users\hp\Desktop\MAJOR\markets\events\views.py changed, reloading.
C:\Users\hp\Desktop\MAJOR\markets\events\views.py changed, reloading.
Watching for file changes with StatReloader
Watching for file changes with StatReloader
C:\Users\hp\Desktop\MAJOR\markets\events\views.py changed, reloading.
Watching for file changes with StatReloader
Watching for file changes with StatReloader
C:\Users\hp\Desktop\MAJOR\markets\events\views.py changed, reloading.
Watching for file changes with StatReloader
Watching for file changes with StatReloader
C:\Users\hp\Desktop\MAJOR\markets\markets\settings.py changed, reloading.
C:\Users\hp\Desktop\MAJOR\markets\markets\settings.py changed, reloading.
Watching for file changes with StatReloader
Watching for file changes with StatReloader
Watching for file changes with StatReloader
Internal Server Error: /
Traceback (most recent call last):
  File "C:\Users\hp\Desktop\MAJOR\markets\venv\Lib\site-packages\django\template\base.py", line 577, in parse
    compile_func = self.tags[command]
                   ~~~~~~~~~^^^^^^^^^
KeyError: 'endblock'

During handling of the above exception, another exception occurred:

Traceback (most recent call last):
  File "C:\Users\hp\Desktop\MAJOR\markets\venv\Lib\site-packages\django\core\handlers\exception.py", line 55, in inner
    response = get_response(request)
  File "C:\Users\hp\Desktop\MAJOR\markets\venv\Lib\site-packages\django\core\handlers\base.py", line 198, in _get_response
    response = wrapped_callback(request, *callback_args, **callback_kwargs)
  File "C:\Users\hp\Desktop\MAJOR\markets\events\views.py", line 30, in base
    return render(request, 'base.html', {'sitename': 'NiceRestaurant'})
  File "C:\Users\hp\Desktop\MAJOR\markets\venv\Lib\site-packages\django\shortcuts.py", line 25, in render
    content = loader.render_to_string(template_name, context, request, using=using)
  File "C:\Users\hp\Desktop\MAJOR\markets\venv\Lib\site-packages\django\template\loader.py", line 61, in render_to_string
    template = get_template(template_name, using=using)
  File "C:\Users\hp\Desktop\MAJOR\markets\venv\Lib\site-packages\django\template\loader.py", line 15, in get_template
    return engine.get_template(template_name)
           ~~~~~~~~~~~~~~~~~~~^^^^^^^^^^^^^^^
  File "C:\Users\hp\Desktop\MAJOR\markets\venv\Lib\site-packages\django\template\backends\django.py", line 79, in get_template
    return Template(self.engine.get_template(template_name), self)
                    ~~~~~~~~~~~~~~~~~~~~~~~~^^^^^^^^^^^^^^^
  File "C:\Users\hp\Desktop\MAJOR\markets\venv\Lib\site-packages\django\template\engine.py", line 186, in get_template
    template, origin = self.find_template(template_name)
                       ~~~~~~~~~~~~~~~~~~^^^^^^^^^^^^^^^
  File "C:\Users\hp\Desktop\MAJOR\markets\venv\Lib\site-packages\django\template\engine.py", line 159, in find_template
    template = loader.get_template(name, skip=skip)
  File "C:\Users\hp\Desktop\MAJOR\markets\venv\Lib\site-packages\django\template\loaders\cached.py", line 57, in get_template
    template = super().get_template(template_name, skip)
  File "C:\Users\hp\Desktop\MAJOR\markets\venv\Lib\site-packages\django\template\loaders\base.py", line 28, in get_template
    return Template(
        contents,
    ...<2 lines>...
        self.engine,
    )
  File "C:\Users\hp\Desktop\MAJOR\markets\venv\Lib\site-packages\django\template\base.py", line 157, in __init__
    self.nodelist = self.compile_nodelist()
                    ~~~~~~~~~~~~~~~~~~~~~^^
  File "C:\Users\hp\Desktop\MAJOR\markets\venv\Lib\site-packages\django\template\base.py", line 199, in compile_nodelist
    nodelist = parser.parse()
  File "C:\Users\hp\Desktop\MAJOR\markets\venv\Lib\site-packages\django\template\base.py", line 579, in parse
    self.invalid_block_tag(token, command, parse_until)
    ~~~~~~~~~~~~~~~~~~~~~~^^^^^^^^^^^^^^^^^^^^^^^^^^^^^
  File "C:\Users\hp\Desktop\MAJOR\markets\venv\Lib\site-packages\django\template\base.py", line 644, in invalid_block_tag
    raise self.error(
    ...<3 lines>...
    )
django.template.exceptions.TemplateSyntaxError: Template: C:\Users\hp\Desktop\MAJOR\markets\templates\base.html, Invalid block tag on line 1220: 'endblock'. Did you forget to register or load this tag?
Watching for file changes with StatReloader
Watching for file changes with StatReloader
Internal Server Error: /
Traceback (most recent call last):
  File "C:\Users\hp\Desktop\MAJOR\markets\venv\Lib\site-packages\django\core\handlers\exception.py", line 55, in inner
    response = get_response(request)
  File "C:\Users\hp\Desktop\MAJOR\markets\venv\Lib\site-packages\django\core\handlers\base.py", line 198, in _get_response
    response = wrapped_callback(request, *callback_args, **callback_kwargs)
  File "C:\Users\hp\Desktop\MAJOR\markets\events\views.py", line 30, in base
    return render(request, 'base.html', {'sitename': 'NiceRestaurant'})
  File "C:\Users\hp\Desktop\MAJOR\markets\venv\Lib\site-packages\django\shortcuts.py", line 25, in render
    content = loader.render_to_string(template_name, context, request, using=using)
  File "C:\Users\hp\Desktop\MAJOR\markets\venv\Lib\site-packages\django\template\loader.py", line 61, in render_to_string
    template = get_template(template_name, using=using)
  File "C:\Users\hp\Desktop\MAJOR\markets\venv\Lib\site-packages\django\template\loader.py", line 15, in get_template
    return engine.get_template(template_name)
           ~~~~~~~~~~~~~~~~~~~^^^^^^^^^^^^^^^
  File "C:\Users\hp\Desktop\MAJOR\markets\venv\Lib\site-packages\django\template\backends\django.py", line 79, in get_template
    return Template(self.engine.get_template(template_name), self)
                    ~~~~~~~~~~~~~~~~~~~~~~~~^^^^^^^^^^^^^^^
  File "C:\Users\hp\Desktop\MAJOR\markets\venv\Lib\site-packages\django\template\engine.py", line 186, in get_template
    template, origin = self.find_template(template_name)
                       ~~~~~~~~~~~~~~~~~~^^^^^^^^^^^^^^^
  File "C:\Users\hp\Desktop\MAJOR\markets\venv\Lib\site-packages\django\template\engine.py", line 159, in find_template
    template = loader.get_template(name, skip=skip)
  File "C:\Users\hp\Desktop\MAJOR\markets\venv\Lib\site-packages\django\template\loaders\cached.py", line 57, in get_template
    template = super().get_template(template_name, skip)
  File "C:\Users\hp\Desktop\MAJOR\markets\venv\Lib\site-packages\django\template\loaders\base.py", line 28, in get_template
    return Template(
        contents,
    ...<2 lines>...
        self.engine,
    )
  File "C:\Users\hp\Desktop\MAJOR\markets\venv\Lib\site-packages\django\template\base.py", line 157, in __init__
    self.nodelist = self.compile_nodelist()
                    ~~~~~~~~~~~~~~~~~~~~~^^
  File "C:\Users\hp\Desktop\MAJOR\markets\venv\Lib\site-packages\django\template\base.py", line 199, in compile_nodelist
    nodelist = parser.parse()
  File "C:\Users\hp\Desktop\MAJOR\markets\venv\Lib\site-packages\django\template\base.py", line 585, in parse
    raise self.error(token, e)
  File "C:\Users\hp\Desktop\MAJOR\markets\venv\Lib\site-packages\django\template\base.py", line 583, in parse
    compiled_result = compile_func(self, token)
  File "C:\Users\hp\Desktop\MAJOR\markets\venv\Lib\site-packages\django\template\loader_tags.py", line 235, in do_block
    nodelist = parser.parse(("endblock",))
  File "C:\Users\hp\Desktop\MAJOR\markets\venv\Lib\site-packages\django\template\base.py", line 585, in parse
    raise self.error(token, e)
  File "C:\Users\hp\Desktop\MAJOR\markets\venv\Lib\site-packages\django\template\base.py", line 583, in parse
    compiled_result = compile_func(self, token)
  File "C:\Users\hp\Desktop\MAJOR\markets\venv\Lib\site-packages\django\template\loader_tags.py", line 229, in do_block
    raise TemplateSyntaxError(
        "'%s' tag with name '%s' appears more than once" % (bits[0], block_name)
    )
django.template.exceptions.TemplateSyntaxError: Template: C:\Users\hp\Desktop\MAJOR\markets\templates\base.html, 'block' tag with name 'body' appears more than once
Internal Server Error: /
Traceback (most recent call last):
  File "C:\Users\hp\Desktop\MAJOR\markets\venv\Lib\site-packages\django\template\base.py", line 577, in parse
    compile_func = self.tags[command]
                   ~~~~~~~~~^^^^^^^^^
KeyError: 'endblock'

During handling of the above exception, another exception occurred:

Traceback (most recent call last):
  File "C:\Users\hp\Desktop\MAJOR\markets\venv\Lib\site-packages\django\core\handlers\exception.py", line 55, in inner
    response = get_response(request)
  File "C:\Users\hp\Desktop\MAJOR\markets\venv\Lib\site-packages\django\core\handlers\base.py", line 198, in _get_response
    response = wrapped_callback(request, *callback_args, **callback_kwargs)
  File "C:\Users\hp\Desktop\MAJOR\markets\events\views.py", line 30, in base
    return render(request, 'base.html', {'sitename': 'NiceRestaurant'})
  File "C:\Users\hp\Desktop\MAJOR\markets\venv\Lib\site-packages\django\shortcuts.py", line 25, in render
    content = loader.render_to_string(template_name, context, request, using=using)
  File "C:\Users\hp\Desktop\MAJOR\markets\venv\Lib\site-packages\django\template\loader.py", line 61, in render_to_string
    template = get_template(template_name, using=using)
  File "C:\Users\hp\Desktop\MAJOR\markets\venv\Lib\site-packages\django\template\loader.py", line 15, in get_template
    return engine.get_template(template_name)
           ~~~~~~~~~~~~~~~~~~~^^^^^^^^^^^^^^^
  File "C:\Users\hp\Desktop\MAJOR\markets\venv\Lib\site-packages\django\template\backends\django.py", line 79, in get_template
    return Template(self.engine.get_template(template_name), self)
                    ~~~~~~~~~~~~~~~~~~~~~~~~^^^^^^^^^^^^^^^
  File "C:\Users\hp\Desktop\MAJOR\markets\venv\Lib\site-packages\django\template\engine.py", line 186, in get_template
    template, origin = self.find_template(template_name)
                       ~~~~~~~~~~~~~~~~~~^^^^^^^^^^^^^^^
  File "C:\Users\hp\Desktop\MAJOR\markets\venv\Lib\site-packages\django\template\engine.py", line 159, in find_template
    template = loader.get_template(name, skip=skip)
  File "C:\Users\hp\Desktop\MAJOR\markets\venv\Lib\site-packages\django\template\loaders\cached.py", line 57, in get_template
    template = super().get_template(template_name, skip)
  File "C:\Users\hp\Desktop\MAJOR\markets\venv\Lib\site-packages\django\template\loaders\base.py", line 28, in get_template
    return Template(
        contents,
    ...<2 lines>...
        self.engine,
    )
  File "C:\Users\hp\Desktop\MAJOR\markets\venv\Lib\site-packages\django\template\base.py", line 157, in __init__
    self.nodelist = self.compile_nodelist()
                    ~~~~~~~~~~~~~~~~~~~~~^^
  File "C:\Users\hp\Desktop\MAJOR\markets\venv\Lib\site-packages\django\template\base.py", line 199, in compile_nodelist
    nodelist = parser.parse()
  File "C:\Users\hp\Desktop\MAJOR\markets\venv\Lib\site-packages\django\template\base.py", line 579, in parse
    self.invalid_block_tag(token, command, parse_until)
    ~~~~~~~~~~~~~~~~~~~~~~^^^^^^^^^^^^^^^^^^^^^^^^^^^^^
  File "C:\Users\hp\Desktop\MAJOR\markets\venv\Lib\site-packages\django\template\base.py", line 644, in invalid_block_tag
    raise self.error(
    ...<3 lines>...
    )
django.template.exceptions.TemplateSyntaxError: Template: C:\Users\hp\Desktop\MAJOR\markets\templates\base.html, Invalid block tag on line 1219: 'endblock'. Did you forget to register or load this tag?
Watching for file changes with StatReloader
Internal Server Error: /menu/
Traceback (most recent call last):
  File "C:\Users\hp\Desktop\MAJOR\markets\venv\Lib\site-packages\django\template\base.py", line 577, in parse
    compile_func = self.tags[command]
                   ~~~~~~~~~^^^^^^^^^
KeyError: 'static'

During handling of the above exception, another exception occurred:

Traceback (most recent call last):
  File "C:\Users\hp\Desktop\MAJOR\markets\venv\Lib\site-packages\django\core\handlers\exception.py", line 55, in inner
    response = get_response(request)
  File "C:\Users\hp\Desktop\MAJOR\markets\venv\Lib\site-packages\django\core\handlers\base.py", line 198, in _get_response
    response = wrapped_callback(request, *callback_args, **callback_kwargs)
  File "C:\Users\hp\Desktop\MAJOR\markets\events\views.py", line 239, in menu_view
    return render(request, 'events/menu.html', context)
  File "C:\Users\hp\Desktop\MAJOR\markets\venv\Lib\site-packages\django\shortcuts.py", line 25, in render
    content = loader.render_to_string(template_name, context, request, using=using)
  File "C:\Users\hp\Desktop\MAJOR\markets\venv\Lib\site-packages\django\template\loader.py", line 61, in render_to_string
    template = get_template(template_name, using=using)
  File "C:\Users\hp\Desktop\MAJOR\markets\venv\Lib\site-packages\django\template\loader.py", line 15, in get_template
    return engine.get_template(template_name)
           ~~~~~~~~~~~~~~~~~~~^^^^^^^^^^^^^^^
  File "C:\Users\hp\Desktop\MAJOR\markets\venv\Lib\site-packages\django\template\backends\django.py", line 79, in get_template
    return Template(self.engine.get_template(template_name), self)
                    ~~~~~~~~~~~~~~~~~~~~~~~~^^^^^^^^^^^^^^^
  File "C:\Users\hp\Desktop\MAJOR\markets\venv\Lib\site-packages\django\template\engine.py", line 186, in get_template
    template, origin = self.find_template(template_name)
                       ~~~~~~~~~~~~~~~~~~^^^^^^^^^^^^^^^
  File "C:\Users\hp\Desktop\MAJOR\markets\venv\Lib\site-packages\django\template\engine.py", line 159, in find_template
    template = loader.get_template(name, skip=skip)
  File "C:\Users\hp\Desktop\MAJOR\markets\venv\Lib\site-packages\django\template\loaders\cached.py", line 57, in get_template
    template = super().get_template(template_name, skip)
  File "C:\Users\hp\Desktop\MAJOR\markets\venv\Lib\site-packages\django\template\loaders\base.py", line 28, in get_template
    return Template(
        contents,
    ...<2 lines>...
        self.engine,
    )
  File "C:\Users\hp\Desktop\MAJOR\markets\venv\Lib\site-packages\django\template\base.py", line 157, in __init__
    self.nodelist = self.compile_nodelist()
                    ~~~~~~~~~~~~~~~~~~~~~^^
  File "C:\Users\hp\Desktop\MAJOR\markets\venv\Lib\site-packages\django\template\base.py", line 199, in compile_nodelist
    nodelist = parser.parse()
  File "C:\Users\hp\Desktop\MAJOR\markets\venv\Lib\site-packages\django\template\base.py", line 585, in parse
    raise self.error(token, e)
  File "C:\Users\hp\Desktop\MAJOR\markets\venv\Lib\site-packages\django\template\base.py", line 583, in parse
    compiled_result = compile_func(self, token)
  File "C:\Users\hp\Desktop\MAJOR\markets\venv\Lib\site-packages\django\template\loader_tags.py", line 307, in do_extends
    nodelist = parser.parse()
  File "C:\Users\hp\Desktop\MAJOR\markets\venv\Lib\site-packages\django\template\base.py", line 585, in parse
    raise self.error(token, e)
  File "C:\Users\hp\Desktop\MAJOR\markets\venv\Lib\site-packages\django\template\base.py", line 583, in parse
    compiled_result = compile_func(self, token)
  File "C:\Users\hp\Desktop\MAJOR\markets\venv\Lib\site-packages\django\template\loader_tags.py", line 235, in do_block
    nodelist = parser.parse(("endblock",))
  File "C:\Users\hp\Desktop\MAJOR\markets\venv\Lib\site-packages\django\template\base.py", line 585, in parse
    raise self.error(token, e)
  File "C:\Users\hp\Desktop\MAJOR\markets\venv\Lib\site-packages\django\template\base.py", line 583, in parse
    compiled_result = compile_func(self, token)
  File "C:\Users\hp\Desktop\MAJOR\markets\venv\Lib\site-packages\django\template\defaulttags.py", line 894, in do_for
    nodelist_loop = parser.parse(
        (
    ...<2 lines>...
        )
    )
  File "C:\Users\hp\Desktop\MAJOR\markets\venv\Lib\site-packages\django\template\base.py", line 585, in parse
    raise self.error(token, e)
  File "C:\Users\hp\Desktop\MAJOR\markets\venv\Lib\site-packages\django\template\base.py", line 583, in parse
    compiled_result = compile_func(self, token)
  File "C:\Users\hp\Desktop\MAJOR\markets\venv\Lib\site-packages\django\template\defaulttags.py", line 1008, in do_if
    nodelist = parser.parse(("endif",))
  File "C:\Users\hp\Desktop\MAJOR\markets\venv\Lib\site-packages\django\template\base.py", line 579, in parse
    self.invalid_block_tag(token, command, parse_until)
    ~~~~~~~~~~~~~~~~~~~~~~^^^^^^^^^^^^^^^^^^^^^^^^^^^^^
  File "C:\Users\hp\Desktop\MAJOR\markets\venv\Lib\site-packages\django\template\base.py", line 634, in invalid_block_tag
    raise self.error(
    ...<8 lines>...
    )
django.template.exceptions.TemplateSyntaxError: Template: C:\Users\hp\Desktop\MAJOR\markets\events\templates\events\menu.html, Invalid block tag on line 36: 'static', expected 'endif'. Did you forget to register or load this tag?
Watching for file changes with StatReloader
Not Found: /.well-known/appspecific/com.chrome.devtools.json
Watching for file changes with StatReloader
Watching for file changes with StatReloader
Watching for file changes with StatReloader
Not Found: /media/products/food222.jpg
Not Found: /media/products/food222.jpg
Not Found: /media/products/food222.jpg
C:\Users\hp\Desktop\MAJOR\markets\markets\settings.py changed, reloading.
C:\Users\hp\Desktop\MAJOR\markets\markets\settings.py changed, reloading.
Watching for file changes with StatReloader
Watching for file changes with StatReloader
Watching for file changes with StatReloader
Not Found: /media/products/food222.jpg
Not Found: /media/products/foods64.jpg
Not Found: /media/products/foods64.jpg
Not Found: /media/products/foods64.jpg
C:\Users\hp\Desktop\MAJOR\markets\events\models.py changed, reloading.
C:\Users\hp\Desktop\MAJOR\markets\events\models.py changed, reloading.
Watching for file changes with StatReloader
Watching for file changes with StatReloader
C:\Users\hp\Desktop\MAJOR\markets\events\models.py changed, reloading.
C:\Users\hp\Desktop\MAJOR\markets\events\models.py changed, reloading.
Watching for file changes with StatReloader
Watching for file changes with StatReloader
C:\Users\hp\Desktop\MAJOR\markets\events\views.py changed, reloading.
C:\Users\hp\Desktop\MAJOR\markets\events\views.py changed, reloading.
Watching for file changes with StatReloader
Watching for file changes with StatReloader
C:\Users\hp\Desktop\MAJOR\markets\events\views.py changed, reloading.
C:\Users\hp\Desktop\MAJOR\markets\events\views.py changed, reloading.
Watching for file changes with StatReloader
Watching for file changes with StatReloader
Watching for file changes with StatReloader
Internal Server Error: /menu/
Traceback (most recent call last):
  File "C:\Users\hp\Desktop\MAJOR\markets\venv\Lib\site-packages\django\db\backends\utils.py", line 105, in _execute
    return self.cursor.execute(sql, params)
           ~~~~~~~~~~~~~~~~~~~^^^^^^^^^^^^^
  File "C:\Users\hp\Desktop\MAJOR\markets\venv\Lib\site-packages\django\db\backends\sqlite3\base.py", line 359, in execute
    return super().execute(query, params)
           ~~~~~~~~~~~~~~~^^^^^^^^^^^^^^^
sqlite3.OperationalError: no such column: events_product.category

The above exception was the direct cause of the following exception:

Traceback (most recent call last):
  File "C:\Users\hp\Desktop\MAJOR\markets\venv\Lib\site-packages\django\core\handlers\exception.py", line 55, in inner
    response = get_response(request)
  File "C:\Users\hp\Desktop\MAJOR\markets\venv\Lib\site-packages\django\core\handlers\base.py", line 198, in _get_response
    response = wrapped_callback(request, *callback_args, **callback_kwargs)
  File "C:\Users\hp\Desktop\MAJOR\markets\events\views.py", line 239, in menu_view
    return render(request, 'events/menu.html', context)
  File "C:\Users\hp\Desktop\MAJOR\markets\venv\Lib\site-packages\django\shortcuts.py", line 25, in render
    content = loader.render_to_string(template_name, context, request, using=using)
  File "C:\Users\hp\Desktop\MAJOR\markets\venv\Lib\site-packages\django\template\loader.py", line 62, in render_to_string
    return template.render(context, request)
           ~~~~~~~~~~~~~~~^^^^^^^^^^^^^^^^^^
  File "C:\Users\hp\Desktop\MAJOR\markets\venv\Lib\site-packages\django\template\backends\django.py", line 107, in render
    return self.template.render(context)
           ~~~~~~~~~~~~~~~~~~~~^^^^^^^^^
  File "C:\Users\hp\Desktop\MAJOR\markets\venv\Lib\site-packages\django\template\base.py", line 174, in render
    return self._render(context)
           ~~~~~~~~~~~~^^^^^^^^^
  File "C:\Users\hp\Desktop\MAJOR\markets\venv\Lib\site-packages\django\template\base.py", line 166, in _render
    return self.nodelist.render(context)
           ~~~~~~~~~~~~~~~~~~~~^^^^^^^^^
  File "C:\Users\hp\Desktop\MAJOR\markets\venv\Lib\site-packages\django\template\base.py", line 1091, in render
    return SafeString("".join([node.render_annotated(context) for node in self]))
                               ~~~~~~~~~~~~~~~~~~~~~^^^^^^^^^
  File "C:\Users\hp\Desktop\MAJOR\markets\venv\Lib\site-packages\django\template\base.py", line 1052, in render_annotated
    return self.render(context)
           ~~~~~~~~~~~^^^^^^^^^
  File "C:\Users\hp\Desktop\MAJOR\markets\venv\Lib\site-packages\django\template\loader_tags.py", line 160, in render
    return compiled_parent._render(context)
           ~~~~~~~~~~~~~~~~~~~~~~~^^^^^^^^^
  File "C:\Users\hp\Desktop\MAJOR\markets\venv\Lib\site-packages\django\template\base.py", line 166, in _render
    return self.nodelist.render(context)
           ~~~~~~~~~~~~~~~~~~~~^^^^^^^^^
  File "C:\Users\hp\Desktop\MAJOR\markets\venv\Lib\site-packages\django\template\base.py", line 1091, in render
    return SafeString("".join([node.render_annotated(context) for node in self]))
                               ~~~~~~~~~~~~~~~~~~~~~^^^^^^^^^
  File "C:\Users\hp\Desktop\MAJOR\markets\venv\Lib\site-packages\django\template\base.py", line 1052, in render_annotated
    return self.render(context)
           ~~~~~~~~~~~^^^^^^^^^
  File "C:\Users\hp\Desktop\MAJOR\markets\venv\Lib\site-packages\django\template\loader_tags.py", line 66, in render
    result = block.nodelist.render(context)
  File "C:\Users\hp\Desktop\MAJOR\markets\venv\Lib\site-packages\django\template\base.py", line 1091, in render
    return SafeString("".join([node.render_annotated(context) for node in self]))
                               ~~~~~~~~~~~~~~~~~~~~~^^^^^^^^^
  File "C:\Users\hp\Desktop\MAJOR\markets\venv\Lib\site-packages\django\template\base.py", line 1052, in render_annotated
    return self.render(context)
           ~~~~~~~~~~~^^^^^^^^^
  File "C:\Users\hp\Desktop\MAJOR\markets\venv\Lib\site-packages\django\template\defaulttags.py", line 202, in render
    len_values = len(values)
  File "C:\Users\hp\Desktop\MAJOR\markets\venv\Lib\site-packages\django\db\models\query.py", line 372, in __len__
    self._fetch_all()
    ~~~~~~~~~~~~~~~^^
  File "C:\Users\hp\Desktop\MAJOR\markets\venv\Lib\site-packages\django\db\models\query.py", line 2000, in _fetch_all
    self._result_cache = list(self._iterable_class(self))
                         ~~~~^^^^^^^^^^^^^^^^^^^^^^^^^^^^
  File "C:\Users\hp\Desktop\MAJOR\markets\venv\Lib\site-packages\django\db\models\query.py", line 95, in __iter__
    results = compiler.execute_sql(
        chunked_fetch=self.chunked_fetch, chunk_size=self.chunk_size
    )
  File "C:\Users\hp\Desktop\MAJOR\markets\venv\Lib\site-packages\django\db\models\sql\compiler.py", line 1624, in execute_sql
    cursor.execute(sql, params)
    ~~~~~~~~~~~~~~^^^^^^^^^^^^^
  File "C:\Users\hp\Desktop\MAJOR\markets\venv\Lib\site-packages\django\db\backends\utils.py", line 122, in execute
    return super().execute(sql, params)
           ~~~~~~~~~~~~~~~^^^^^^^^^^^^^
  File "C:\Users\hp\Desktop\MAJOR\markets\venv\Lib\site-packages\django\db\backends\utils.py", line 79, in execute
    return self._execute_with_wrappers(
           ~~~~~~~~~~~~~~~~~~~~~~~~~~~^
        sql, params, many=False, executor=self._execute
        ^^^^^^^^^^^^^^^^^^^^^^^^^^^^^^^^^^^^^^^^^^^^^^^
    )
    ^
  File "C:\Users\hp\Desktop\MAJOR\markets\venv\Lib\site-packages\django\db\backends\utils.py", line 92, in _execute_with_wrappers
    return executor(sql, params, many, context)
  File "C:\Users\hp\Desktop\MAJOR\markets\venv\Lib\site-packages\django\db\backends\utils.py", line 100, in _execute
    with self.db.wrap_database_errors:
         ^^^^^^^^^^^^^^^^^^^^^^^^^^^^
  File "C:\Users\hp\Desktop\MAJOR\markets\venv\Lib\site-packages\django\db\utils.py", line 94, in __exit__
    raise dj_exc_value.with_traceback(traceback) from exc_value
  File "C:\Users\hp\Desktop\MAJOR\markets\venv\Lib\site-packages\django\db\backends\utils.py", line 105, in _execute
    return self.cursor.execute(sql, params)
           ~~~~~~~~~~~~~~~~~~~^^^^^^^^^^^^^
  File "C:\Users\hp\Desktop\MAJOR\markets\venv\Lib\site-packages\django\db\backends\sqlite3\base.py", line 359, in execute
    return super().execute(query, params)
           ~~~~~~~~~~~~~~~^^^^^^^^^^^^^^^
django.db.utils.OperationalError: no such column: events_product.category
Watching for file changes with StatReloader
Not Found: /favicon.ico
Internal Server Error: /menu/
Traceback (most recent call last):
  File "C:\Users\hp\Desktop\MAJOR\markets\venv\Lib\site-packages\django\core\handlers\exception.py", line 55, in inner
    response = get_response(request)
  File "C:\Users\hp\Desktop\MAJOR\markets\venv\Lib\site-packages\django\core\handlers\base.py", line 198, in _get_response
    response = wrapped_callback(request, *callback_args, **callback_kwargs)
  File "C:\Users\hp\Desktop\MAJOR\markets\events\views.py", line 239, in menu_view
    return render(request, 'events/menu.html', context)
  File "C:\Users\hp\Desktop\MAJOR\markets\venv\Lib\site-packages\django\shortcuts.py", line 25, in render
    content = loader.render_to_string(template_name, context, request, using=using)
  File "C:\Users\hp\Desktop\MAJOR\markets\venv\Lib\site-packages\django\template\loader.py", line 62, in render_to_string
    return template.render(context, request)
           ~~~~~~~~~~~~~~~^^^^^^^^^^^^^^^^^^
  File "C:\Users\hp\Desktop\MAJOR\markets\venv\Lib\site-packages\django\template\backends\django.py", line 107, in render
    return self.template.render(context)
           ~~~~~~~~~~~~~~~~~~~~^^^^^^^^^
  File "C:\Users\hp\Desktop\MAJOR\markets\venv\Lib\site-packages\django\template\base.py", line 174, in render
    return self._render(context)
           ~~~~~~~~~~~~^^^^^^^^^
  File "C:\Users\hp\Desktop\MAJOR\markets\venv\Lib\site-packages\django\template\base.py", line 166, in _render
    return self.nodelist.render(context)
           ~~~~~~~~~~~~~~~~~~~~^^^^^^^^^
  File "C:\Users\hp\Desktop\MAJOR\markets\venv\Lib\site-packages\django\template\base.py", line 1091, in render
    return SafeString("".join([node.render_annotated(context) for node in self]))
                               ~~~~~~~~~~~~~~~~~~~~~^^^^^^^^^
  File "C:\Users\hp\Desktop\MAJOR\markets\venv\Lib\site-packages\django\template\base.py", line 1052, in render_annotated
    return self.render(context)
           ~~~~~~~~~~~^^^^^^^^^
  File "C:\Users\hp\Desktop\MAJOR\markets\venv\Lib\site-packages\django\template\loader_tags.py", line 160, in render
    return compiled_parent._render(context)
           ~~~~~~~~~~~~~~~~~~~~~~~^^^^^^^^^
  File "C:\Users\hp\Desktop\MAJOR\markets\venv\Lib\site-packages\django\template\base.py", line 166, in _render
    return self.nodelist.render(context)
           ~~~~~~~~~~~~~~~~~~~~^^^^^^^^^
  File "C:\Users\hp\Desktop\MAJOR\markets\venv\Lib\site-packages\django\template\base.py", line 1091, in render
    return SafeString("".join([node.render_annotated(context) for node in self]))
                               ~~~~~~~~~~~~~~~~~~~~~^^^^^^^^^
  File "C:\Users\hp\Desktop\MAJOR\markets\venv\Lib\site-packages\django\template\base.py", line 1052, in render_annotated
    return self.render(context)
           ~~~~~~~~~~~^^^^^^^^^
  File "C:\Users\hp\Desktop\MAJOR\markets\venv\Lib\site-packages\django\template\loader_tags.py", line 66, in render
    result = block.nodelist.render(context)
  File "C:\Users\hp\Desktop\MAJOR\markets\venv\Lib\site-packages\django\template\base.py", line 1091, in render
    return SafeString("".join([node.render_annotated(context) for node in self]))
                               ~~~~~~~~~~~~~~~~~~~~~^^^^^^^^^
  File "C:\Users\hp\Desktop\MAJOR\markets\venv\Lib\site-packages\django\template\base.py", line 1052, in render_annotated
    return self.render(context)
           ~~~~~~~~~~~^^^^^^^^^
  File "C:\Users\hp\Desktop\MAJOR\markets\venv\Lib\site-packages\django\template\defaulttags.py", line 249, in render
    nodelist.append(node.render_annotated(context))
                    ~~~~~~~~~~~~~~~~~~~~~^^^^^^^^^
  File "C:\Users\hp\Desktop\MAJOR\markets\venv\Lib\site-packages\django\template\base.py", line 1052, in render_annotated
    return self.render(context)
           ~~~~~~~~~~~^^^^^^^^^
  File "C:\Users\hp\Desktop\MAJOR\markets\venv\Lib\site-packages\django\template\defaulttags.py", line 511, in render
    url = reverse(view_name, args=args, kwargs=kwargs, current_app=current_app)
  File "C:\Users\hp\Desktop\MAJOR\markets\venv\Lib\site-packages\django\urls\base.py", line 98, in reverse
    resolved_url = resolver._reverse_with_prefix(view, prefix, *args, **kwargs)
  File "C:\Users\hp\Desktop\MAJOR\markets\venv\Lib\site-packages\django\urls\resolvers.py", line 842, in _reverse_with_prefix
    raise NoReverseMatch(msg)
django.urls.exceptions.NoReverseMatch: Reverse for 'add_to_cart' not found. 'add_to_cart' is not a valid view function or pattern name.
C:\Users\hp\Desktop\MAJOR\markets\events\urls.py changed, reloading.
C:\Users\hp\Desktop\MAJOR\markets\events\urls.py changed, reloading.
Watching for file changes with StatReloader
Watching for file changes with StatReloader
C:\Users\hp\Desktop\MAJOR\markets\events\urls.py changed, reloading.
Watching for file changes with StatReloader
Watching for file changes with StatReloader
C:\Users\hp\Desktop\MAJOR\markets\events\views.py changed, reloading.
C:\Users\hp\Desktop\MAJOR\markets\events\views.py changed, reloading.
Watching for file changes with StatReloader
Watching for file changes with StatReloader
C:\Users\hp\Desktop\MAJOR\markets\events\views.py changed, reloading.
C:\Users\hp\Desktop\MAJOR\markets\events\views.py changed, reloading.
Watching for file changes with StatReloader
Watching for file changes with StatReloader
Watching for file changes with StatReloader
C:\Users\hp\Desktop\MAJOR\markets\events\urls.py changed, reloading.
Watching for file changes with StatReloader
C:\Users\hp\Desktop\MAJOR\markets\events\views.py changed, reloading.
Watching for file changes with StatReloader
C:\Users\hp\Desktop\MAJOR\markets\events\views.py changed, reloading.
Watching for file changes with StatReloader
Watching for file changes with StatReloader
Internal Server Error: /product/12/
Traceback (most recent call last):
  File "C:\Users\hp\Desktop\MAJOR\demo\Lib\site-packages\django\core\handlers\exception.py", line 55, in inner
    response = get_response(request)
  File "C:\Users\hp\Desktop\MAJOR\demo\Lib\site-packages\django\core\handlers\base.py", line 198, in _get_response
    response = wrapped_callback(request, *callback_args, **callback_kwargs)
  File "C:\Users\hp\Desktop\MAJOR\markets\events\views.py", line 276, in product_detail
    return render(request, 'product_detail.html', {'product': product})
  File "C:\Users\hp\Desktop\MAJOR\demo\Lib\site-packages\django\shortcuts.py", line 25, in render
    content = loader.render_to_string(template_name, context, request, using=using)
  File "C:\Users\hp\Desktop\MAJOR\demo\Lib\site-packages\django\template\loader.py", line 61, in render_to_string
    template = get_template(template_name, using=using)
  File "C:\Users\hp\Desktop\MAJOR\demo\Lib\site-packages\django\template\loader.py", line 19, in get_template
    raise TemplateDoesNotExist(template_name, chain=chain)
django.template.exceptions.TemplateDoesNotExist: product_detail.html
Not Found: /favicon.ico
C:\Users\hp\Desktop\MAJOR\markets\events\views.py changed, reloading.
Watching for file changes with StatReloader
C:\Users\hp\Desktop\MAJOR\markets\events\views.py changed, reloading.
Watching for file changes with StatReloader
C:\Users\hp\Desktop\MAJOR\markets\events\views.py changed, reloading.
Watching for file changes with StatReloader
Watching for file changes with StatReloader
Watching for file changes with StatReloader
C:\Users\hp\Desktop\MAJOR\markets\events\views.py changed, reloading.
Watching for file changes with StatReloader
C:\Users\hp\Desktop\MAJOR\markets\events\views.py changed, reloading.
Watching for file changes with StatReloader
C:\Users\hp\Desktop\MAJOR\markets\events\views.py changed, reloading.
Watching for file changes with StatReloader
C:\Users\hp\Desktop\MAJOR\markets\events\views.py changed, reloading.
Watching for file changes with StatReloader
C:\Users\hp\Desktop\MAJOR\markets\events\views.py changed, reloading.
Watching for file changes with StatReloader
Watching for file changes with StatReloader
Watching for file changes with StatReloader
C:\Users\hp\Desktop\MAJOR\markets\events\views.py changed, reloading.
Watching for file changes with StatReloader
C:\Users\hp\Desktop\MAJOR\markets\events\views.py changed, reloading.
Watching for file changes with StatReloader
C:\Users\hp\Desktop\MAJOR\markets\events\views.py changed, reloading.
Watching for file changes with StatReloader
Watching for file changes with StatReloader
Watching for file changes with StatReloader
Watching for file changes with StatReloader
Not Found: /favicon.ico
C:\Users\hp\Desktop\MAJOR\markets\events\views.py changed, reloading.
Watching for file changes with StatReloader
Watching for file changes with StatReloader
Watching for file changes with StatReloader
Watching for file changes with StatReloader
C:\Users\hp\Desktop\MAJOR\markets\markets\urls.py changed, reloading.
Watching for file changes with StatReloader
C:\Users\hp\Desktop\MAJOR\markets\markets\urls.py changed, reloading.
Watching for file changes with StatReloader
Watching for file changes with StatReloader
C:\Users\hp\Desktop\MAJOR\markets\events\views.py changed, reloading.
C:\Users\hp\Desktop\MAJOR\markets\events\views.py changed, reloading.
Watching for file changes with StatReloader
Watching for file changes with StatReloader
C:\Users\hp\Desktop\MAJOR\markets\events\views.py changed, reloading.
C:\Users\hp\Desktop\MAJOR\markets\events\views.py changed, reloading.
Watching for file changes with StatReloader
Watching for file changes with StatReloader
Internal Server Error: /product/12/
Traceback (most recent call last):
  File "C:\Users\hp\Desktop\MAJOR\demo\Lib\site-packages\django\core\handlers\exception.py", line 55, in inner
    response = get_response(request)
  File "C:\Users\hp\Desktop\MAJOR\demo\Lib\site-packages\django\core\handlers\base.py", line 198, in _get_response
    response = wrapped_callback(request, *callback_args, **callback_kwargs)
  File "C:\Users\hp\Desktop\MAJOR\markets\events\views.py", line 280, in product_detail
    return render(request, 'events/item_detail_view.html', {'product': product_item})
  File "C:\Users\hp\Desktop\MAJOR\demo\Lib\site-packages\django\shortcuts.py", line 25, in render
    content = loader.render_to_string(template_name, context, request, using=using)
  File "C:\Users\hp\Desktop\MAJOR\demo\Lib\site-packages\django\template\loader.py", line 61, in render_to_string
    template = get_template(template_name, using=using)
  File "C:\Users\hp\Desktop\MAJOR\demo\Lib\site-packages\django\template\loader.py", line 15, in get_template
    return engine.get_template(template_name)
           ~~~~~~~~~~~~~~~~~~~^^^^^^^^^^^^^^^
  File "C:\Users\hp\Desktop\MAJOR\demo\Lib\site-packages\django\template\backends\django.py", line 79, in get_template
    return Template(self.engine.get_template(template_name), self)
                    ~~~~~~~~~~~~~~~~~~~~~~~~^^^^^^^^^^^^^^^
  File "C:\Users\hp\Desktop\MAJOR\demo\Lib\site-packages\django\template\engine.py", line 186, in get_template
    template, origin = self.find_template(template_name)
                       ~~~~~~~~~~~~~~~~~~^^^^^^^^^^^^^^^
  File "C:\Users\hp\Desktop\MAJOR\demo\Lib\site-packages\django\template\engine.py", line 159, in find_template
    template = loader.get_template(name, skip=skip)
  File "C:\Users\hp\Desktop\MAJOR\demo\Lib\site-packages\django\template\loaders\cached.py", line 57, in get_template
    template = super().get_template(template_name, skip)
  File "C:\Users\hp\Desktop\MAJOR\demo\Lib\site-packages\django\template\loaders\base.py", line 28, in get_template
    return Template(
        contents,
    ...<2 lines>...
        self.engine,
    )
  File "C:\Users\hp\Desktop\MAJOR\demo\Lib\site-packages\django\template\base.py", line 157, in __init__
    self.nodelist = self.compile_nodelist()
                    ~~~~~~~~~~~~~~~~~~~~~^^
  File "C:\Users\hp\Desktop\MAJOR\demo\Lib\site-packages\django\template\base.py", line 199, in compile_nodelist
    nodelist = parser.parse()
  File "C:\Users\hp\Desktop\MAJOR\demo\Lib\site-packages\django\template\base.py", line 585, in parse
    raise self.error(token, e)
  File "C:\Users\hp\Desktop\MAJOR\demo\Lib\site-packages\django\template\base.py", line 583, in parse
    compiled_result = compile_func(self, token)
  File "C:\Users\hp\Desktop\MAJOR\demo\Lib\site-packages\django\template\loader_tags.py", line 307, in do_extends
    nodelist = parser.parse()
  File "C:\Users\hp\Desktop\MAJOR\demo\Lib\site-packages\django\template\base.py", line 585, in parse
    raise self.error(token, e)
  File "C:\Users\hp\Desktop\MAJOR\demo\Lib\site-packages\django\template\base.py", line 583, in parse
    compiled_result = compile_func(self, token)
  File "C:\Users\hp\Desktop\MAJOR\demo\Lib\site-packages\django\template\loader_tags.py", line 235, in do_block
    nodelist = parser.parse(("endblock",))
  File "C:\Users\hp\Desktop\MAJOR\demo\Lib\site-packages\django\template\base.py", line 590, in parse
    self.unclosed_block_tag(parse_until)
    ~~~~~~~~~~~~~~~~~~~~~~~^^^^^^^^^^^^^
  File "C:\Users\hp\Desktop\MAJOR\demo\Lib\site-packages\django\template\base.py", line 657, in unclosed_block_tag
    raise self.error(token, msg)
django.template.exceptions.TemplateSyntaxError: Template: C:\Users\hp\Desktop\MAJOR\markets\events\templates\events\item_detail_view.html, Unclosed tag on line 1: 'block'. Looking for one of: endblock.
Watching for file changes with StatReloader
Watching for file changes with StatReloader
C:\Users\hp\Desktop\MAJOR\markets\events\views.py changed, reloading.
C:\Users\hp\Desktop\MAJOR\markets\events\views.py changed, reloading.
Watching for file changes with StatReloader
Watching for file changes with StatReloader
C:\Users\hp\Desktop\MAJOR\markets\events\views.py changed, reloading.
C:\Users\hp\Desktop\MAJOR\markets\events\views.py changed, reloading.
Watching for file changes with StatReloader
Watching for file changes with StatReloader
C:\Users\hp\Desktop\MAJOR\markets\events\views.py changed, reloading.
C:\Users\hp\Desktop\MAJOR\markets\events\views.py changed, reloading.
Watching for file changes with StatReloader
Watching for file changes with StatReloader
Internal Server Error: /cart/
Traceback (most recent call last):
  File "C:\Users\hp\Desktop\MAJOR\demo\Lib\site-packages\django\template\base.py", line 577, in parse
    compile_func = self.tags[command]
                   ~~~~~~~~~^^^^^^^^^
KeyError: 'endblock'

During handling of the above exception, another exception occurred:

Traceback (most recent call last):
  File "C:\Users\hp\Desktop\MAJOR\demo\Lib\site-packages\django\core\handlers\exception.py", line 55, in inner
    response = get_response(request)
  File "C:\Users\hp\Desktop\MAJOR\demo\Lib\site-packages\django\core\handlers\base.py", line 198, in _get_response
    response = wrapped_callback(request, *callback_args, **callback_kwargs)
  File "C:\Users\hp\Desktop\MAJOR\markets\events\views.py", line 233, in cart_detail
    return render(request, 'events/cart_detail.html', context)
  File "C:\Users\hp\Desktop\MAJOR\demo\Lib\site-packages\django\shortcuts.py", line 25, in render
    content = loader.render_to_string(template_name, context, request, using=using)
  File "C:\Users\hp\Desktop\MAJOR\demo\Lib\site-packages\django\template\loader.py", line 61, in render_to_string
    template = get_template(template_name, using=using)
  File "C:\Users\hp\Desktop\MAJOR\demo\Lib\site-packages\django\template\loader.py", line 15, in get_template
    return engine.get_template(template_name)
           ~~~~~~~~~~~~~~~~~~~^^^^^^^^^^^^^^^
  File "C:\Users\hp\Desktop\MAJOR\demo\Lib\site-packages\django\template\backends\django.py", line 79, in get_template
    return Template(self.engine.get_template(template_name), self)
                    ~~~~~~~~~~~~~~~~~~~~~~~~^^^^^^^^^^^^^^^
  File "C:\Users\hp\Desktop\MAJOR\demo\Lib\site-packages\django\template\engine.py", line 186, in get_template
    template, origin = self.find_template(template_name)
                       ~~~~~~~~~~~~~~~~~~^^^^^^^^^^^^^^^
  File "C:\Users\hp\Desktop\MAJOR\demo\Lib\site-packages\django\template\engine.py", line 159, in find_template
    template = loader.get_template(name, skip=skip)
  File "C:\Users\hp\Desktop\MAJOR\demo\Lib\site-packages\django\template\loaders\cached.py", line 57, in get_template
    template = super().get_template(template_name, skip)
  File "C:\Users\hp\Desktop\MAJOR\demo\Lib\site-packages\django\template\loaders\base.py", line 28, in get_template
    return Template(
        contents,
    ...<2 lines>...
        self.engine,
    )
  File "C:\Users\hp\Desktop\MAJOR\demo\Lib\site-packages\django\template\base.py", line 157, in __init__
    self.nodelist = self.compile_nodelist()
                    ~~~~~~~~~~~~~~~~~~~~~^^
  File "C:\Users\hp\Desktop\MAJOR\demo\Lib\site-packages\django\template\base.py", line 199, in compile_nodelist
    nodelist = parser.parse()
  File "C:\Users\hp\Desktop\MAJOR\demo\Lib\site-packages\django\template\base.py", line 585, in parse
    raise self.error(token, e)
  File "C:\Users\hp\Desktop\MAJOR\demo\Lib\site-packages\django\template\base.py", line 583, in parse
    compiled_result = compile_func(self, token)
  File "C:\Users\hp\Desktop\MAJOR\demo\Lib\site-packages\django\template\loader_tags.py", line 307, in do_extends
    nodelist = parser.parse()
  File "C:\Users\hp\Desktop\MAJOR\demo\Lib\site-packages\django\template\base.py", line 579, in parse
    self.invalid_block_tag(token, command, parse_until)
    ~~~~~~~~~~~~~~~~~~~~~~^^^^^^^^^^^^^^^^^^^^^^^^^^^^^
  File "C:\Users\hp\Desktop\MAJOR\demo\Lib\site-packages\django\template\base.py", line 644, in invalid_block_tag
    raise self.error(
    ...<3 lines>...
    )
django.template.exceptions.TemplateSyntaxError: Template: C:\Users\hp\Desktop\MAJOR\markets\events\templates\events\cart_detail.html, Invalid block tag on line 89: 'endblock'. Did you forget to register or load this tag?
Internal Server Error: /checkout/
Traceback (most recent call last):
  File "C:\Users\hp\Desktop\MAJOR\demo\Lib\site-packages\django\core\handlers\exception.py", line 55, in inner
    response = get_response(request)
  File "C:\Users\hp\Desktop\MAJOR\demo\Lib\site-packages\django\core\handlers\base.py", line 198, in _get_response
    response = wrapped_callback(request, *callback_args, **callback_kwargs)
  File "C:\Users\hp\Desktop\MAJOR\markets\events\views.py", line 120, in checkout
    'items_json': json.dumps(cart),
                  ~~~~~~~~~~^^^^^^
  File "C:\Python314\Lib\json\__init__.py", line 231, in dumps
    return _default_encoder.encode(obj)
           ~~~~~~~~~~~~~~~~~~~~~~~^^^^^
  File "C:\Python314\Lib\json\encoder.py", line 200, in encode
    chunks = self.iterencode(o, _one_shot=True)
  File "C:\Python314\Lib\json\encoder.py", line 261, in iterencode
    return _iterencode(o, 0)
  File "C:\Python314\Lib\json\encoder.py", line 180, in default
    raise TypeError(f'Object of type {o.__class__.__name__} '
                    f'is not JSON serializable')
TypeError: Object of type Decimal is not JSON serializable
when serializing dict item 'total_price'
when serializing dict item '12'
C:\Users\hp\Desktop\MAJOR\markets\events\views.py changed, reloading.
C:\Users\hp\Desktop\MAJOR\markets\events\views.py changed, reloading.
Watching for file changes with StatReloader
Watching for file changes with StatReloader
C:\Users\hp\Desktop\MAJOR\markets\events\views.py changed, reloading.
C:\Users\hp\Desktop\MAJOR\markets\events\views.py changed, reloading.
Watching for file changes with StatReloader
Watching for file changes with StatReloader
Internal Server Error: /checkout/
Traceback (most recent call last):
  File "C:\Users\hp\Desktop\MAJOR\demo\Lib\site-packages\django\template\base.py", line 577, in parse
    compile_func = self.tags[command]
                   ~~~~~~~~~^^^^^^^^^
KeyError: 'endblock'

During handling of the above exception, another exception occurred:

Traceback (most recent call last):
  File "C:\Users\hp\Desktop\MAJOR\demo\Lib\site-packages\django\core\handlers\exception.py", line 55, in inner
    response = get_response(request)
  File "C:\Users\hp\Desktop\MAJOR\demo\Lib\site-packages\django\core\handlers\base.py", line 198, in _get_response
    response = wrapped_callback(request, *callback_args, **callback_kwargs)
  File "C:\Users\hp\Desktop\MAJOR\markets\events\views.py", line 130, in checkout
    return render(request, 'checkout.html', context)
  File "C:\Users\hp\Desktop\MAJOR\demo\Lib\site-packages\django\shortcuts.py", line 25, in render
    content = loader.render_to_string(template_name, context, request, using=using)
  File "C:\Users\hp\Desktop\MAJOR\demo\Lib\site-packages\django\template\loader.py", line 61, in render_to_string
    template = get_template(template_name, using=using)
  File "C:\Users\hp\Desktop\MAJOR\demo\Lib\site-packages\django\template\loader.py", line 15, in get_template
    return engine.get_template(template_name)
           ~~~~~~~~~~~~~~~~~~~^^^^^^^^^^^^^^^
  File "C:\Users\hp\Desktop\MAJOR\demo\Lib\site-packages\django\template\backends\django.py", line 79, in get_template
    return Template(self.engine.get_template(template_name), self)
                    ~~~~~~~~~~~~~~~~~~~~~~~~^^^^^^^^^^^^^^^
  File "C:\Users\hp\Desktop\MAJOR\demo\Lib\site-packages\django\template\engine.py", line 186, in get_template
    template, origin = self.find_template(template_name)
                       ~~~~~~~~~~~~~~~~~~^^^^^^^^^^^^^^^
  File "C:\Users\hp\Desktop\MAJOR\demo\Lib\site-packages\django\template\engine.py", line 159, in find_template
    template = loader.get_template(name, skip=skip)
  File "C:\Users\hp\Desktop\MAJOR\demo\Lib\site-packages\django\template\loaders\cached.py", line 57, in get_template
    template = super().get_template(template_name, skip)
  File "C:\Users\hp\Desktop\MAJOR\demo\Lib\site-packages\django\template\loaders\base.py", line 28, in get_template
    return Template(
        contents,
    ...<2 lines>...
        self.engine,
    )
  File "C:\Users\hp\Desktop\MAJOR\demo\Lib\site-packages\django\template\base.py", line 157, in __init__
    self.nodelist = self.compile_nodelist()
                    ~~~~~~~~~~~~~~~~~~~~~^^
  File "C:\Users\hp\Desktop\MAJOR\demo\Lib\site-packages\django\template\base.py", line 199, in compile_nodelist
    nodelist = parser.parse()
  File "C:\Users\hp\Desktop\MAJOR\demo\Lib\site-packages\django\template\base.py", line 585, in parse
    raise self.error(token, e)
  File "C:\Users\hp\Desktop\MAJOR\demo\Lib\site-packages\django\template\base.py", line 583, in parse
    compiled_result = compile_func(self, token)
  File "C:\Users\hp\Desktop\MAJOR\demo\Lib\site-packages\django\template\loader_tags.py", line 307, in do_extends
    nodelist = parser.parse()
  File "C:\Users\hp\Desktop\MAJOR\demo\Lib\site-packages\django\template\base.py", line 579, in parse
    self.invalid_block_tag(token, command, parse_until)
    ~~~~~~~~~~~~~~~~~~~~~~^^^^^^^^^^^^^^^^^^^^^^^^^^^^^
  File "C:\Users\hp\Desktop\MAJOR\demo\Lib\site-packages\django\template\base.py", line 644, in invalid_block_tag
    raise self.error(
    ...<3 lines>...
    )
django.template.exceptions.TemplateSyntaxError: Template: C:\Users\hp\Desktop\MAJOR\markets\templates\checkout.html, Invalid block tag on line 6: 'endblock'. Did you forget to register or load this tag?
Internal Server Error: /checkout/
Traceback (most recent call last):
  File "C:\Users\hp\Desktop\MAJOR\demo\Lib\site-packages\django\core\handlers\exception.py", line 55, in inner
    response = get_response(request)
  File "C:\Users\hp\Desktop\MAJOR\demo\Lib\site-packages\django\core\handlers\base.py", line 198, in _get_response
    response = wrapped_callback(request, *callback_args, **callback_kwargs)
  File "C:\Users\hp\Desktop\MAJOR\markets\events\views.py", line 130, in checkout
    return render(request, 'checkout.html', context)
  File "C:\Users\hp\Desktop\MAJOR\demo\Lib\site-packages\django\shortcuts.py", line 25, in render
    content = loader.render_to_string(template_name, context, request, using=using)
  File "C:\Users\hp\Desktop\MAJOR\demo\Lib\site-packages\django\template\loader.py", line 61, in render_to_string
    template = get_template(template_name, using=using)
  File "C:\Users\hp\Desktop\MAJOR\demo\Lib\site-packages\django\template\loader.py", line 15, in get_template
    return engine.get_template(template_name)
           ~~~~~~~~~~~~~~~~~~~^^^^^^^^^^^^^^^
  File "C:\Users\hp\Desktop\MAJOR\demo\Lib\site-packages\django\template\backends\django.py", line 79, in get_template
    return Template(self.engine.get_template(template_name), self)
                    ~~~~~~~~~~~~~~~~~~~~~~~~^^^^^^^^^^^^^^^
  File "C:\Users\hp\Desktop\MAJOR\demo\Lib\site-packages\django\template\engine.py", line 186, in get_template
    template, origin = self.find_template(template_name)
                       ~~~~~~~~~~~~~~~~~~^^^^^^^^^^^^^^^
  File "C:\Users\hp\Desktop\MAJOR\demo\Lib\site-packages\django\template\engine.py", line 159, in find_template
    template = loader.get_template(name, skip=skip)
  File "C:\Users\hp\Desktop\MAJOR\demo\Lib\site-packages\django\template\loaders\cached.py", line 57, in get_template
    template = super().get_template(template_name, skip)
  File "C:\Users\hp\Desktop\MAJOR\demo\Lib\site-packages\django\template\loaders\base.py", line 28, in get_template
    return Template(
        contents,
    ...<2 lines>...
        self.engine,
    )
  File "C:\Users\hp\Desktop\MAJOR\demo\Lib\site-packages\django\template\base.py", line 157, in __init__
    self.nodelist = self.compile_nodelist()
                    ~~~~~~~~~~~~~~~~~~~~~^^
  File "C:\Users\hp\Desktop\MAJOR\demo\Lib\site-packages\django\template\base.py", line 199, in compile_nodelist
    nodelist = parser.parse()
  File "C:\Users\hp\Desktop\MAJOR\demo\Lib\site-packages\django\template\base.py", line 585, in parse
    raise self.error(token, e)
  File "C:\Users\hp\Desktop\MAJOR\demo\Lib\site-packages\django\template\base.py", line 583, in parse
    compiled_result = compile_func(self, token)
  File "C:\Users\hp\Desktop\MAJOR\demo\Lib\site-packages\django\template\loader_tags.py", line 307, in do_extends
    nodelist = parser.parse()
  File "C:\Users\hp\Desktop\MAJOR\demo\Lib\site-packages\django\template\base.py", line 585, in parse
    raise self.error(token, e)
  File "C:\Users\hp\Desktop\MAJOR\demo\Lib\site-packages\django\template\base.py", line 583, in parse
    compiled_result = compile_func(self, token)
  File "C:\Users\hp\Desktop\MAJOR\demo\Lib\site-packages\django\template\loader_tags.py", line 235, in do_block
    nodelist = parser.parse(("endblock",))
  File "C:\Users\hp\Desktop\MAJOR\demo\Lib\site-packages\django\template\base.py", line 590, in parse
    self.unclosed_block_tag(parse_until)
    ~~~~~~~~~~~~~~~~~~~~~~~^^^^^^^^^^^^^
  File "C:\Users\hp\Desktop\MAJOR\demo\Lib\site-packages\django\template\base.py", line 657, in unclosed_block_tag
    raise self.error(token, msg)
django.template.exceptions.TemplateSyntaxError: Template: C:\Users\hp\Desktop\MAJOR\markets\templates\checkout.html, Unclosed tag on line 1: 'block'. Looking for one of: endblock.
Watching for file changes with StatReloader
Internal Server Error: /checkout/
Traceback (most recent call last):
  File "C:\Users\hp\Desktop\MAJOR\demo\Lib\site-packages\django\db\models\fields\__init__.py", line 2128, in get_prep_value
    return int(value)
ValueError: invalid literal for int() with base 10: ''

The above exception was the direct cause of the following exception:

Traceback (most recent call last):
  File "C:\Users\hp\Desktop\MAJOR\demo\Lib\site-packages\django\core\handlers\exception.py", line 55, in inner
    response = get_response(request)
  File "C:\Users\hp\Desktop\MAJOR\demo\Lib\site-packages\django\core\handlers\base.py", line 198, in _get_response
    response = wrapped_callback(request, *callback_args, **callback_kwargs)
  File "C:\Users\hp\Desktop\MAJOR\markets\events\views.py", line 78, in checkout
    Order.save()
    ~~~~~~~~~~^^
  File "C:\Users\hp\Desktop\MAJOR\demo\Lib\site-packages\django\db\models\base.py", line 874, in save
    self.save_base(
    ~~~~~~~~~~~~~~^
        using=using,
        ^^^^^^^^^^^^
    ...<2 lines>...
        update_fields=update_fields,
        ^^^^^^^^^^^^^^^^^^^^^^^^^^^^
    )
    ^
  File "C:\Users\hp\Desktop\MAJOR\demo\Lib\site-packages\django\db\models\base.py", line 966, in save_base
    updated = self._save_table(
        raw,
    ...<4 lines>...
        update_fields,
    )
  File "C:\Users\hp\Desktop\MAJOR\demo\Lib\site-packages\django\db\models\base.py", line 1167, in _save_table
    results = self._do_insert(
        cls._base_manager, using, insert_fields, returning_fields, raw
    )
  File "C:\Users\hp\Desktop\MAJOR\demo\Lib\site-packages\django\db\models\base.py", line 1218, in _do_insert
    return manager._insert(
           ~~~~~~~~~~~~~~~^
        [self],
        ^^^^^^^
    ...<3 lines>...
        raw=raw,
        ^^^^^^^^
    )
    ^
  File "C:\Users\hp\Desktop\MAJOR\demo\Lib\site-packages\django\db\models\manager.py", line 87, in manager_method
    return getattr(self.get_queryset(), name)(*args, **kwargs)
           ~~~~~~~~~~~~~~~~~~~~~~~~~~~~~~~~~~^^^^^^^^^^^^^^^^^
  File "C:\Users\hp\Desktop\MAJOR\demo\Lib\site-packages\django\db\models\query.py", line 1918, in _insert
    return query.get_compiler(using=using).execute_sql(returning_fields)
           ~~~~~~~~~~~~~~~~~~~~~~~~~~~~~~~~~~~~~~~~~~~^^^^^^^^^^^^^^^^^^
  File "C:\Users\hp\Desktop\MAJOR\demo\Lib\site-packages\django\db\models\sql\compiler.py", line 1924, in execute_sql
    for sql, params in self.as_sql():
                       ~~~~~~~~~~~^^
  File "C:\Users\hp\Desktop\MAJOR\demo\Lib\site-packages\django\db\models\sql\compiler.py", line 1813, in as_sql
    field_prepare(field_pre_save(obj)) for obj in self.query.objs
    ~~~~~~~~~~~~~^^^^^^^^^^^^^^^^^^^^^
  File "C:\Users\hp\Desktop\MAJOR\demo\Lib\site-packages\django\db\models\sql\compiler.py", line 1742, in prepare_value
    return field.get_db_prep_save(value, connection=self.connection)
           ~~~~~~~~~~~~~~~~~~~~~~^^^^^^^^^^^^^^^^^^^^^^^^^^^^^^^^^^^
  File "C:\Users\hp\Desktop\MAJOR\demo\Lib\site-packages\django\db\models\fields\__init__.py", line 1011, in get_db_prep_save
    return self.get_db_prep_value(value, connection=connection, prepared=False)
           ~~~~~~~~~~~~~~~~~~~~~~^^^^^^^^^^^^^^^^^^^^^^^^^^^^^^^^^^^^^^^^^^^^^^
  File "C:\Users\hp\Desktop\MAJOR\demo\Lib\site-packages\django\db\models\fields\__init__.py", line 2135, in get_db_prep_value
    value = super().get_db_prep_value(value, connection, prepared)
  File "C:\Users\hp\Desktop\MAJOR\demo\Lib\site-packages\django\db\models\fields\__init__.py", line 1004, in get_db_prep_value
    value = self.get_prep_value(value)
  File "C:\Users\hp\Desktop\MAJOR\demo\Lib\site-packages\django\db\models\fields\__init__.py", line 2130, in get_prep_value
    raise e.__class__(
        "Field '%s' expected a number but got %r." % (self.name, value),
    ) from e
ValueError: Field 'amount' expected a number but got ''.
C:\Users\hp\Desktop\MAJOR\markets\events\views.py changed, reloading.
C:\Users\hp\Desktop\MAJOR\markets\events\views.py changed, reloading.
Watching for file changes with StatReloader
Watching for file changes with StatReloader
C:\Users\hp\Desktop\MAJOR\markets\events\views.py changed, reloading.
C:\Users\hp\Desktop\MAJOR\markets\events\views.py changed, reloading.
Watching for file changes with StatReloader
Watching for file changes with StatReloader
Internal Server Error: /checkout/
Traceback (most recent call last):
  File "C:\Users\hp\Desktop\MAJOR\demo\Lib\site-packages\django\core\handlers\exception.py", line 55, in inner
    response = get_response(request)
  File "C:\Users\hp\Desktop\MAJOR\demo\Lib\site-packages\django\core\handlers\base.py", line 198, in _get_response
    response = wrapped_callback(request, *callback_args, **callback_kwargs)
  File "C:\Users\hp\Desktop\MAJOR\markets\events\views.py", line 110, in checkout
    update = OrderUpdate(order_id=Order.order_id, update_desc="the order has been placed")
  File "C:\Users\hp\Desktop\MAJOR\demo\Lib\site-packages\django\db\models\base.py", line 590, in __init__
    raise TypeError(
    ...<2 lines>...
    )
TypeError: OrderUpdate() got unexpected keyword arguments: 'order_id'
C:\Users\hp\Desktop\MAJOR\markets\events\views.py changed, reloading.
C:\Users\hp\Desktop\MAJOR\markets\events\views.py changed, reloading.
Watching for file changes with StatReloader
Watching for file changes with StatReloader
C:\Users\hp\Desktop\MAJOR\markets\events\views.py changed, reloading.
C:\Users\hp\Desktop\MAJOR\markets\events\views.py changed, reloading.
Watching for file changes with StatReloader
Watching for file changes with StatReloader
C:\Users\hp\Desktop\MAJOR\markets\events\views.py changed, reloading.
C:\Users\hp\Desktop\MAJOR\markets\events\views.py changed, reloading.
Watching for file changes with StatReloader
Watching for file changes with StatReloader
Internal Server Error: /checkout/
Traceback (most recent call last):
  File "C:\Users\hp\Desktop\MAJOR\demo\Lib\site-packages\django\core\handlers\exception.py", line 55, in inner
    response = get_response(request)
  File "C:\Users\hp\Desktop\MAJOR\demo\Lib\site-packages\django\core\handlers\base.py", line 198, in _get_response
    response = wrapped_callback(request, *callback_args, **callback_kwargs)
  File "C:\Users\hp\Desktop\MAJOR\markets\events\views.py", line 125, in checkout
    param_dict['CHECKSUMHASH'] = Checksum.generate_checksum(param_dict, MERCHANT_KEY)
                                 ~~~~~~~~~~~~~~~~~~~~~~~~~~^^^^^^^^^^^^^^^^^^^^^^^^^^
  File "C:\Users\hp\Desktop\MAJOR\markets\events\Checksum.py", line 18, in generate_checksum
    encoded_payload = __encrypt__(hash_string, merchant_key)
  File "C:\Users\hp\Desktop\MAJOR\markets\events\Checksum.py", line 42, in __encrypt__
    cipher = AES.new(key.encode("utf-8"), AES.MODE_CBC, IV.encode("utf-8"))
  File "C:\Users\hp\Desktop\MAJOR\demo\Lib\site-packages\Crypto\Cipher\AES.py", line 229, in new
    return _create_cipher(sys.modules[__name__], key, mode, *args, **kwargs)
  File "C:\Users\hp\Desktop\MAJOR\demo\Lib\site-packages\Crypto\Cipher\__init__.py", line 52, in _create_cipher
    res = _create_cbc_cipher(factory, **kwargs)
  File "C:\Users\hp\Desktop\MAJOR\demo\Lib\site-packages\Crypto\Cipher\_mode_cbc.py", line 274, in _create_cbc_cipher
    cipher_state = factory._create_base_cipher(kwargs)
  File "C:\Users\hp\Desktop\MAJOR\demo\Lib\site-packages\Crypto\Cipher\AES.py", line 91, in _create_base_cipher
    raise ValueError("Incorrect AES key length (%d bytes)" % len(key))
ValueError: Incorrect AES key length (13 bytes)
C:\Users\hp\Desktop\MAJOR\markets\events\Checksum.py changed, reloading.
C:\Users\hp\Desktop\MAJOR\markets\events\Checksum.py changed, reloading.
Watching for file changes with StatReloader
Watching for file changes with StatReloader
C:\Users\hp\Desktop\MAJOR\markets\events\Checksum.py changed, reloading.
C:\Users\hp\Desktop\MAJOR\markets\events\Checksum.py changed, reloading.
Watching for file changes with StatReloader
Watching for file changes with StatReloader
C:\Users\hp\Desktop\MAJOR\markets\events\Checksum.py changed, reloading.
C:\Users\hp\Desktop\MAJOR\markets\events\Checksum.py changed, reloading.
Watching for file changes with StatReloader
Watching for file changes with StatReloader
C:\Users\hp\Desktop\MAJOR\markets\events\Checksum.py changed, reloading.
C:\Users\hp\Desktop\MAJOR\markets\events\Checksum.py changed, reloading.
Watching for file changes with StatReloader
Watching for file changes with StatReloader
C:\Users\hp\Desktop\MAJOR\markets\events\Checksum.py changed, reloading.
C:\Users\hp\Desktop\MAJOR\markets\events\Checksum.py changed, reloading.
Watching for file changes with StatReloader
Watching for file changes with StatReloader
C:\Users\hp\Desktop\MAJOR\markets\events\keys.py changed, reloading.
C:\Users\hp\Desktop\MAJOR\markets\events\keys.py changed, reloading.
Watching for file changes with StatReloader
Watching for file changes with StatReloader
C:\Users\hp\Desktop\MAJOR\markets\events\keys.py changed, reloading.
C:\Users\hp\Desktop\MAJOR\markets\events\keys.py changed, reloading.
Watching for file changes with StatReloader
Watching for file changes with StatReloader
C:\Users\hp\Desktop\MAJOR\markets\events\keys.py changed, reloading.
C:\Users\hp\Desktop\MAJOR\markets\events\keys.py changed, reloading.
Watching for file changes with StatReloader
Watching for file changes with StatReloader
C:\Users\hp\Desktop\MAJOR\markets\events\keys.py changed, reloading.
C:\Users\hp\Desktop\MAJOR\markets\events\keys.py changed, reloading.
Watching for file changes with StatReloader
Watching for file changes with StatReloader
C:\Users\hp\Desktop\MAJOR\markets\events\views.py changed, reloading.
Watching for file changes with StatReloader
C:\Users\hp\Desktop\MAJOR\markets\events\views.py changed, reloading.
Watching for file changes with StatReloader
C:\Users\hp\Desktop\MAJOR\markets\events\views.py changed, reloading.
Watching for file changes with StatReloader
C:\Users\hp\Desktop\MAJOR\markets\events\views.py changed, reloading.
Watching for file changes with StatReloader
C:\Users\hp\Desktop\MAJOR\markets\events\views.py changed, reloading.
Watching for file changes with StatReloader
C:\Users\hp\Desktop\MAJOR\markets\events\views.py changed, reloading.
Watching for file changes with StatReloader
C:\Users\hp\Desktop\MAJOR\markets\events\views.py changed, reloading.
Watching for file changes with StatReloader
C:\Users\hp\Desktop\MAJOR\markets\events\views.py changed, reloading.
Watching for file changes with StatReloader
C:\Users\hp\Desktop\MAJOR\markets\events\views.py changed, reloading.
Watching for file changes with StatReloader
C:\Users\hp\Desktop\MAJOR\markets\events\views.py changed, reloading.
Watching for file changes with StatReloader
C:\Users\hp\Desktop\MAJOR\markets\events\views.py changed, reloading.
Watching for file changes with StatReloader
C:\Users\hp\Desktop\MAJOR\markets\events\views.py changed, reloading.
Watching for file changes with StatReloader
C:\Users\hp\Desktop\MAJOR\markets\events\views.py changed, reloading.
Watching for file changes with StatReloader
C:\Users\hp\Desktop\MAJOR\markets\events\views.py changed, reloading.
Watching for file changes with StatReloader
C:\Users\hp\Desktop\MAJOR\markets\events\views.py changed, reloading.
Watching for file changes with StatReloader
C:\Users\hp\Desktop\MAJOR\markets\events\views.py changed, reloading.
Watching for file changes with StatReloader
C:\Users\hp\Desktop\MAJOR\markets\events\views.py changed, reloading.
Watching for file changes with StatReloader
Watching for file changes with StatReloader
C:\Users\hp\Desktop\MAJOR\markets\events\views.py changed, reloading.
C:\Users\hp\Desktop\MAJOR\markets\events\views.py changed, reloading.
Watching for file changes with StatReloader
Watching for file changes with StatReloader
C:\Users\hp\Desktop\MAJOR\markets\events\views.py changed, reloading.
C:\Users\hp\Desktop\MAJOR\markets\events\views.py changed, reloading.
Watching for file changes with StatReloader
Watching for file changes with StatReloader
Watching for file changes with StatReloader
C:\Users\hp\Desktop\MAJOR\markets\events\views.py changed, reloading.
C:\Users\hp\Desktop\MAJOR\markets\events\views.py changed, reloading.
Watching for file changes with StatReloader
Watching for file changes with StatReloader
C:\Users\hp\Desktop\MAJOR\markets\events\views.py changed, reloading.
C:\Users\hp\Desktop\MAJOR\markets\events\views.py changed, reloading.
Watching for file changes with StatReloader
Watching for file changes with StatReloader
C:\Users\hp\Desktop\MAJOR\markets\events\views.py changed, reloading.
C:\Users\hp\Desktop\MAJOR\markets\events\views.py changed, reloading.
Watching for file changes with StatReloader
Watching for file changes with StatReloader
C:\Users\hp\Desktop\MAJOR\markets\events\views.py changed, reloading.
C:\Users\hp\Desktop\MAJOR\markets\events\views.py changed, reloading.
Watching for file changes with StatReloader
C:\Users\hp\Desktop\MAJOR\markets\events\views.py changed, reloading.
C:\Users\hp\Desktop\MAJOR\markets\events\views.py changed, reloading.
Watching for file changes with StatReloader
Watching for file changes with StatReloader
C:\Users\hp\Desktop\MAJOR\markets\events\views.py changed, reloading.
C:\Users\hp\Desktop\MAJOR\markets\events\views.py changed, reloading.
Watching for file changes with StatReloader
Watching for file changes with StatReloader
C:\Users\hp\Desktop\MAJOR\markets\events\views.py changed, reloading.
C:\Users\hp\Desktop\MAJOR\markets\events\views.py changed, reloading.
Watching for file changes with StatReloader
Watching for file changes with StatReloader
C:\Users\hp\Desktop\MAJOR\markets\events\views.py changed, reloading.
C:\Users\hp\Desktop\MAJOR\markets\events\views.py changed, reloading.
Watching for file changes with StatReloader
C:\Users\hp\Desktop\MAJOR\markets\events\views.py changed, reloading.
C:\Users\hp\Desktop\MAJOR\markets\events\views.py changed, reloading.
Watching for file changes with StatReloader
Watching for file changes with StatReloader
C:\Users\hp\Desktop\MAJOR\markets\events\views.py changed, reloading.
C:\Users\hp\Desktop\MAJOR\markets\events\views.py changed, reloading.
Watching for file changes with StatReloader
Watching for file changes with StatReloader
Watching for file changes with StatReloader
Watching for file changes with StatReloader
Watching for file changes with StatReloader
C:\Users\hp\Desktop\MAJOR\markets\events\views.py changed, reloading.
Watching for file changes with StatReloader
C:\Users\hp\Desktop\MAJOR\markets\events\views.py changed, reloading.
Watching for file changes with StatReloader
C:\Users\hp\Desktop\MAJOR\markets\events\views.py changed, reloading.
Watching for file changes with StatReloader
C:\Users\hp\Desktop\MAJOR\markets\events\views.py changed, reloading.
Watching for file changes with StatReloader
Watching for file changes with StatReloader
Watching for file changes with StatReloader
Watching for file changes with StatReloader
Watching for file changes with StatReloader
Watching for file changes with StatReloader
Watching for file changes with StatReloader
Watching for file changes with StatReloader
Checkout error: Orders() got unexpected keyword arguments: 'status'
Traceback (most recent call last):
  File "C:\Users\hp\Desktop\MAJOR\markets\events\views.py", line 131, in checkout
    order = Orders.objects.create(
        items_json=items_json,
    ...<9 lines>...
        status='Pending'
    )
  File "C:\Users\hp\Desktop\MAJOR\demo\Lib\site-packages\django\db\models\manager.py", line 87, in manager_method
    return getattr(self.get_queryset(), name)(*args, **kwargs)
           ~~~~~~~~~~~~~~~~~~~~~~~~~~~~~~~~~~^^^^^^^^^^^^^^^^^
  File "C:\Users\hp\Desktop\MAJOR\demo\Lib\site-packages\django\db\models\query.py", line 667, in create
    obj = self.model(**kwargs)
  File "C:\Users\hp\Desktop\MAJOR\demo\Lib\site-packages\django\db\models\base.py", line 590, in __init__
    raise TypeError(
    ...<2 lines>...
    )
TypeError: Orders() got unexpected keyword arguments: 'status'
C:\Users\hp\Desktop\MAJOR\markets\events\views.py changed, reloading.
Watching for file changes with StatReloader
C:\Users\hp\Desktop\MAJOR\markets\events\views.py changed, reloading.
Watching for file changes with StatReloader
Watching for file changes with StatReloader
Checkout error: HTTPSConnectionPool(host='api.paystack.co', port=443): Read timed out. (read timeout=15)
Traceback (most recent call last):
  File "C:\Users\hp\Desktop\MAJOR\demo\Lib\site-packages\urllib3\connectionpool.py", line 464, in _make_request
    self._validate_conn(conn)
    ~~~~~~~~~~~~~~~~~~~^^^^^^
  File "C:\Users\hp\Desktop\MAJOR\demo\Lib\site-packages\urllib3\connectionpool.py", line 1093, in _validate_conn
    conn.connect()
    ~~~~~~~~~~~~^^
  File "C:\Users\hp\Desktop\MAJOR\demo\Lib\site-packages\urllib3\connection.py", line 796, in connect
    sock_and_verified = _ssl_wrap_socket_and_match_hostname(
        sock=sock,
    ...<14 lines>...
        assert_fingerprint=self.assert_fingerprint,
    )
  File "C:\Users\hp\Desktop\MAJOR\demo\Lib\site-packages\urllib3\connection.py", line 975, in _ssl_wrap_socket_and_match_hostname
    ssl_sock = ssl_wrap_socket(
        sock=sock,
    ...<8 lines>...
        tls_in_tls=tls_in_tls,
    )
  File "C:\Users\hp\Desktop\MAJOR\demo\Lib\site-packages\urllib3\util\ssl_.py", line 483, in ssl_wrap_socket
    ssl_sock = _ssl_wrap_socket_impl(sock, context, tls_in_tls, server_hostname)
  File "C:\Users\hp\Desktop\MAJOR\demo\Lib\site-packages\urllib3\util\ssl_.py", line 527, in _ssl_wrap_socket_impl
    return ssl_context.wrap_socket(sock, server_hostname=server_hostname)
           ~~~~~~~~~~~~~~~~~~~~~~~^^^^^^^^^^^^^^^^^^^^^^^^^^^^^^^^^^^^^^^
  File "C:\Python314\Lib\ssl.py", line 455, in wrap_socket
    return self.sslsocket_class._create(
           ~~~~~~~~~~~~~~~~~~~~~~~~~~~~^
        sock=sock,
        ^^^^^^^^^^
    ...<5 lines>...
        session=session
        ^^^^^^^^^^^^^^^
    )
    ^
  File "C:\Python314\Lib\ssl.py", line 1076, in _create
    self.do_handshake()
    ~~~~~~~~~~~~~~~~~^^
  File "C:\Python314\Lib\ssl.py", line 1372, in do_handshake
    self._sslobj.do_handshake()
    ~~~~~~~~~~~~~~~~~~~~~~~~~^^
TimeoutError: _ssl.c:1059: The handshake operation timed out

The above exception was the direct cause of the following exception:

Traceback (most recent call last):
  File "C:\Users\hp\Desktop\MAJOR\demo\Lib\site-packages\requests\adapters.py", line 645, in send
    resp = conn.urlopen(
        method=request.method,
    ...<9 lines>...
        chunked=chunked,
    )
  File "C:\Users\hp\Desktop\MAJOR\demo\Lib\site-packages\urllib3\connectionpool.py", line 841, in urlopen
    retries = retries.increment(
        method, url, error=new_e, _pool=self, _stacktrace=sys.exc_info()[2]
    )
  File "C:\Users\hp\Desktop\MAJOR\demo\Lib\site-packages\urllib3\util\retry.py", line 490, in increment
    raise reraise(type(error), error, _stacktrace)
          ~~~~~~~^^^^^^^^^^^^^^^^^^^^^^^^^^^^^^^^^
  File "C:\Users\hp\Desktop\MAJOR\demo\Lib\site-packages\urllib3\util\util.py", line 39, in reraise
    raise value
  File "C:\Users\hp\Desktop\MAJOR\demo\Lib\site-packages\urllib3\connectionpool.py", line 787, in urlopen
    response = self._make_request(
        conn,
    ...<10 lines>...
        **response_kw,
    )
  File "C:\Users\hp\Desktop\MAJOR\demo\Lib\site-packages\urllib3\connectionpool.py", line 488, in _make_request
    raise new_e
  File "C:\Users\hp\Desktop\MAJOR\demo\Lib\site-packages\urllib3\connectionpool.py", line 466, in _make_request
    self._raise_timeout(err=e, url=url, timeout_value=conn.timeout)
    ~~~~~~~~~~~~~~~~~~~^^^^^^^^^^^^^^^^^^^^^^^^^^^^^^^^^^^^^^^^^^^^
  File "C:\Users\hp\Desktop\MAJOR\demo\Lib\site-packages\urllib3\connectionpool.py", line 367, in _raise_timeout
    raise ReadTimeoutError(
        self, url, f"Read timed out. (read timeout={timeout_value})"
    ) from err
urllib3.exceptions.ReadTimeoutError: HTTPSConnectionPool(host='api.paystack.co', port=443): Read timed out. (read timeout=15)

During handling of the above exception, another exception occurred:

Traceback (most recent call last):
  File "C:\Users\hp\Desktop\MAJOR\markets\events\views.py", line 174, in checkout
    response = requests.post(url, headers=headers, json=paystack_data, timeout=15)
  File "C:\Users\hp\Desktop\MAJOR\demo\Lib\site-packages\requests\api.py", line 115, in post
    return request("post", url, data=data, json=json, **kwargs)
  File "C:\Users\hp\Desktop\MAJOR\demo\Lib\site-packages\requests\api.py", line 59, in request
    return session.request(method=method, url=url, **kwargs)
           ~~~~~~~~~~~~~~~^^^^^^^^^^^^^^^^^^^^^^^^^^^^^^^^^^
  File "C:\Users\hp\Desktop\MAJOR\demo\Lib\site-packages\requests\sessions.py", line 592, in request
    resp = self.send(prep, **send_kwargs)
  File "C:\Users\hp\Desktop\MAJOR\demo\Lib\site-packages\requests\sessions.py", line 706, in send
    r = adapter.send(request, **kwargs)
  File "C:\Users\hp\Desktop\MAJOR\demo\Lib\site-packages\requests\adapters.py", line 691, in send
    raise ReadTimeout(e, request=request)
requests.exceptions.ReadTimeout: HTTPSConnectionPool(host='api.paystack.co', port=443): Read timed out. (read timeout=15)
C:\Users\hp\Desktop\MAJOR\markets\events\views.py changed, reloading.
Watching for file changes with StatReloader
C:\Users\hp\Desktop\MAJOR\markets\events\views.py changed, reloading.
Watching for file changes with StatReloader
C:\Users\hp\Desktop\MAJOR\markets\events\views.py changed, reloading.
Watching for file changes with StatReloader
C:\Users\hp\Desktop\MAJOR\markets\events\views.py changed, reloading.
Watching for file changes with StatReloader
C:\Users\hp\Desktop\MAJOR\markets\events\views.py changed, reloading.
Watching for file changes with StatReloader
C:\Users\hp\Desktop\MAJOR\markets\events\views.py changed, reloading.
Watching for file changes with StatReloader
C:\Users\hp\Desktop\MAJOR\markets\events\views.py changed, reloading.
Watching for file changes with StatReloader
Watching for file changes with StatReloader
Internal Server Error: /handlerequest/
Traceback (most recent call last):
  File "C:\Users\hp\Desktop\MAJOR\demo\Lib\site-packages\django\template\base.py", line 577, in parse
    compile_func = self.tags[command]
                   ~~~~~~~~~^^^^^^^^^
KeyError: 'endfor'

During handling of the above exception, another exception occurred:

Traceback (most recent call last):
  File "C:\Users\hp\Desktop\MAJOR\demo\Lib\site-packages\django\core\handlers\exception.py", line 55, in inner
    response = get_response(request)
  File "C:\Users\hp\Desktop\MAJOR\demo\Lib\site-packages\django\core\handlers\base.py", line 198, in _get_response
    response = wrapped_callback(request, *callback_args, **callback_kwargs)
  File "C:\Users\hp\Desktop\MAJOR\markets\events\views.py", line 244, in handlerequest
    return render(request, 'paymentstatus.html', {
        'status': 'Success',
        'order_id': raw_id,
        'amount': res_data['data']['amount'] / 100  # Convert back from Kobo to Naira
    })
  File "C:\Users\hp\Desktop\MAJOR\demo\Lib\site-packages\django\shortcuts.py", line 25, in render
    content = loader.render_to_string(template_name, context, request, using=using)
  File "C:\Users\hp\Desktop\MAJOR\demo\Lib\site-packages\django\template\loader.py", line 61, in render_to_string
    template = get_template(template_name, using=using)
  File "C:\Users\hp\Desktop\MAJOR\demo\Lib\site-packages\django\template\loader.py", line 15, in get_template
    return engine.get_template(template_name)
           ~~~~~~~~~~~~~~~~~~~^^^^^^^^^^^^^^^
  File "C:\Users\hp\Desktop\MAJOR\demo\Lib\site-packages\django\template\backends\django.py", line 79, in get_template
    return Template(self.engine.get_template(template_name), self)
                    ~~~~~~~~~~~~~~~~~~~~~~~~^^^^^^^^^^^^^^^
  File "C:\Users\hp\Desktop\MAJOR\demo\Lib\site-packages\django\template\engine.py", line 186, in get_template
    template, origin = self.find_template(template_name)
                       ~~~~~~~~~~~~~~~~~~^^^^^^^^^^^^^^^
  File "C:\Users\hp\Desktop\MAJOR\demo\Lib\site-packages\django\template\engine.py", line 159, in find_template
    template = loader.get_template(name, skip=skip)
  File "C:\Users\hp\Desktop\MAJOR\demo\Lib\site-packages\django\template\loaders\cached.py", line 57, in get_template
    template = super().get_template(template_name, skip)
  File "C:\Users\hp\Desktop\MAJOR\demo\Lib\site-packages\django\template\loaders\base.py", line 28, in get_template
    return Template(
        contents,
    ...<2 lines>...
        self.engine,
    )
  File "C:\Users\hp\Desktop\MAJOR\demo\Lib\site-packages\django\template\base.py", line 157, in __init__
    self.nodelist = self.compile_nodelist()
                    ~~~~~~~~~~~~~~~~~~~~~^^
  File "C:\Users\hp\Desktop\MAJOR\demo\Lib\site-packages\django\template\base.py", line 199, in compile_nodelist
    nodelist = parser.parse()
  File "C:\Users\hp\Desktop\MAJOR\demo\Lib\site-packages\django\template\base.py", line 585, in parse
    raise self.error(token, e)
  File "C:\Users\hp\Desktop\MAJOR\demo\Lib\site-packages\django\template\base.py", line 583, in parse
    compiled_result = compile_func(self, token)
  File "C:\Users\hp\Desktop\MAJOR\demo\Lib\site-packages\django\template\loader_tags.py", line 307, in do_extends
    nodelist = parser.parse()
  File "C:\Users\hp\Desktop\MAJOR\demo\Lib\site-packages\django\template\base.py", line 585, in parse
    raise self.error(token, e)
  File "C:\Users\hp\Desktop\MAJOR\demo\Lib\site-packages\django\template\base.py", line 583, in parse
    compiled_result = compile_func(self, token)
  File "C:\Users\hp\Desktop\MAJOR\demo\Lib\site-packages\django\template\loader_tags.py", line 235, in do_block
    nodelist = parser.parse(("endblock",))
  File "C:\Users\hp\Desktop\MAJOR\demo\Lib\site-packages\django\template\base.py", line 579, in parse
    self.invalid_block_tag(token, command, parse_until)
    ~~~~~~~~~~~~~~~~~~~~~~^^^^^^^^^^^^^^^^^^^^^^^^^^^^^
  File "C:\Users\hp\Desktop\MAJOR\demo\Lib\site-packages\django\template\base.py", line 634, in invalid_block_tag
    raise self.error(
    ...<8 lines>...
    )
django.template.exceptions.TemplateSyntaxError: Template: C:\Users\hp\Desktop\MAJOR\markets\templates\paymentstatus.html, Invalid block tag on line 59: 'endfor', expected 'endblock'. Did you forget to register or load this tag?
Not Found: /favicon.ico
Watching for file changes with StatReloader
Watching for file changes with StatReloader
Internal Server Error: /handlerequest/
Traceback (most recent call last):
  File "C:\Users\hp\Desktop\MAJOR\markets\venv\Lib\site-packages\django\template\base.py", line 577, in parse
    compile_func = self.tags[command]
                   ~~~~~~~~~^^^^^^^^^
KeyError: 'endfor'

During handling of the above exception, another exception occurred:

Traceback (most recent call last):
  File "C:\Users\hp\Desktop\MAJOR\markets\venv\Lib\site-packages\django\core\handlers\exception.py", line 55, in inner
    response = get_response(request)
  File "C:\Users\hp\Desktop\MAJOR\markets\venv\Lib\site-packages\django\core\handlers\base.py", line 198, in _get_response
    response = wrapped_callback(request, *callback_args, **callback_kwargs)
  File "C:\Users\hp\Desktop\MAJOR\markets\events\views.py", line 244, in handlerequest
    return render(request, 'paymentstatus.html', {
        'status': 'Success',
        'order_id': raw_id,
        'amount': res_data['data']['amount'] / 100  # Convert back from Kobo to Naira
    })
  File "C:\Users\hp\Desktop\MAJOR\markets\venv\Lib\site-packages\django\shortcuts.py", line 25, in render
    content = loader.render_to_string(template_name, context, request, using=using)
  File "C:\Users\hp\Desktop\MAJOR\markets\venv\Lib\site-packages\django\template\loader.py", line 61, in render_to_string
    template = get_template(template_name, using=using)
  File "C:\Users\hp\Desktop\MAJOR\markets\venv\Lib\site-packages\django\template\loader.py", line 15, in get_template
    return engine.get_template(template_name)
           ~~~~~~~~~~~~~~~~~~~^^^^^^^^^^^^^^^
  File "C:\Users\hp\Desktop\MAJOR\markets\venv\Lib\site-packages\django\template\backends\django.py", line 79, in get_template
    return Template(self.engine.get_template(template_name), self)
                    ~~~~~~~~~~~~~~~~~~~~~~~~^^^^^^^^^^^^^^^
  File "C:\Users\hp\Desktop\MAJOR\markets\venv\Lib\site-packages\django\template\engine.py", line 186, in get_template
    template, origin = self.find_template(template_name)
                       ~~~~~~~~~~~~~~~~~~^^^^^^^^^^^^^^^
  File "C:\Users\hp\Desktop\MAJOR\markets\venv\Lib\site-packages\django\template\engine.py", line 159, in find_template
    template = loader.get_template(name, skip=skip)
  File "C:\Users\hp\Desktop\MAJOR\markets\venv\Lib\site-packages\django\template\loaders\cached.py", line 57, in get_template
    template = super().get_template(template_name, skip)
  File "C:\Users\hp\Desktop\MAJOR\markets\venv\Lib\site-packages\django\template\loaders\base.py", line 28, in get_template
    return Template(
        contents,
    ...<2 lines>...
        self.engine,
    )
  File "C:\Users\hp\Desktop\MAJOR\markets\venv\Lib\site-packages\django\template\base.py", line 157, in __init__
    self.nodelist = self.compile_nodelist()
                    ~~~~~~~~~~~~~~~~~~~~~^^
  File "C:\Users\hp\Desktop\MAJOR\markets\venv\Lib\site-packages\django\template\base.py", line 199, in compile_nodelist
    nodelist = parser.parse()
  File "C:\Users\hp\Desktop\MAJOR\markets\venv\Lib\site-packages\django\template\base.py", line 585, in parse
    raise self.error(token, e)
  File "C:\Users\hp\Desktop\MAJOR\markets\venv\Lib\site-packages\django\template\base.py", line 583, in parse
    compiled_result = compile_func(self, token)
  File "C:\Users\hp\Desktop\MAJOR\markets\venv\Lib\site-packages\django\template\loader_tags.py", line 307, in do_extends
    nodelist = parser.parse()
  File "C:\Users\hp\Desktop\MAJOR\markets\venv\Lib\site-packages\django\template\base.py", line 585, in parse
    raise self.error(token, e)
  File "C:\Users\hp\Desktop\MAJOR\markets\venv\Lib\site-packages\django\template\base.py", line 583, in parse
    compiled_result = compile_func(self, token)
  File "C:\Users\hp\Desktop\MAJOR\markets\venv\Lib\site-packages\django\template\loader_tags.py", line 235, in do_block
    nodelist = parser.parse(("endblock",))
  File "C:\Users\hp\Desktop\MAJOR\markets\venv\Lib\site-packages\django\template\base.py", line 579, in parse
    self.invalid_block_tag(token, command, parse_until)
    ~~~~~~~~~~~~~~~~~~~~~~^^^^^^^^^^^^^^^^^^^^^^^^^^^^^
  File "C:\Users\hp\Desktop\MAJOR\markets\venv\Lib\site-packages\django\template\base.py", line 634, in invalid_block_tag
    raise self.error(
    ...<8 lines>...
    )
django.template.exceptions.TemplateSyntaxError: Template: C:\Users\hp\Desktop\MAJOR\markets\templates\paymentstatus.html, Invalid block tag on line 59: 'endfor', expected 'endblock'. Did you forget to register or load this tag?
Not Found: /favicon.ico
Internal Server Error: /handlerequest/
Traceback (most recent call last):
  File "C:\Users\hp\Desktop\MAJOR\markets\venv\Lib\site-packages\django\template\base.py", line 577, in parse
    compile_func = self.tags[command]
                   ~~~~~~~~~^^^^^^^^^
KeyError: 'endblock'

During handling of the above exception, another exception occurred:

Traceback (most recent call last):
  File "C:\Users\hp\Desktop\MAJOR\markets\venv\Lib\site-packages\django\core\handlers\exception.py", line 55, in inner
    response = get_response(request)
  File "C:\Users\hp\Desktop\MAJOR\markets\venv\Lib\site-packages\django\core\handlers\base.py", line 198, in _get_response
    response = wrapped_callback(request, *callback_args, **callback_kwargs)
  File "C:\Users\hp\Desktop\MAJOR\markets\events\views.py", line 244, in handlerequest
    return render(request, 'paymentstatus.html', {
        'status': 'Success',
        'order_id': raw_id,
        'amount': res_data['data']['amount'] / 100  # Convert back from Kobo to Naira
    })
  File "C:\Users\hp\Desktop\MAJOR\markets\venv\Lib\site-packages\django\shortcuts.py", line 25, in render
    content = loader.render_to_string(template_name, context, request, using=using)
  File "C:\Users\hp\Desktop\MAJOR\markets\venv\Lib\site-packages\django\template\loader.py", line 61, in render_to_string
    template = get_template(template_name, using=using)
  File "C:\Users\hp\Desktop\MAJOR\markets\venv\Lib\site-packages\django\template\loader.py", line 15, in get_template
    return engine.get_template(template_name)
           ~~~~~~~~~~~~~~~~~~~^^^^^^^^^^^^^^^
  File "C:\Users\hp\Desktop\MAJOR\markets\venv\Lib\site-packages\django\template\backends\django.py", line 79, in get_template
    return Template(self.engine.get_template(template_name), self)
                    ~~~~~~~~~~~~~~~~~~~~~~~~^^^^^^^^^^^^^^^
  File "C:\Users\hp\Desktop\MAJOR\markets\venv\Lib\site-packages\django\template\engine.py", line 186, in get_template
    template, origin = self.find_template(template_name)
                       ~~~~~~~~~~~~~~~~~~^^^^^^^^^^^^^^^
  File "C:\Users\hp\Desktop\MAJOR\markets\venv\Lib\site-packages\django\template\engine.py", line 159, in find_template
    template = loader.get_template(name, skip=skip)
  File "C:\Users\hp\Desktop\MAJOR\markets\venv\Lib\site-packages\django\template\loaders\cached.py", line 57, in get_template
    template = super().get_template(template_name, skip)
  File "C:\Users\hp\Desktop\MAJOR\markets\venv\Lib\site-packages\django\template\loaders\base.py", line 28, in get_template
    return Template(
        contents,
    ...<2 lines>...
        self.engine,
    )
  File "C:\Users\hp\Desktop\MAJOR\markets\venv\Lib\site-packages\django\template\base.py", line 157, in __init__
    self.nodelist = self.compile_nodelist()
                    ~~~~~~~~~~~~~~~~~~~~~^^
  File "C:\Users\hp\Desktop\MAJOR\markets\venv\Lib\site-packages\django\template\base.py", line 199, in compile_nodelist
    nodelist = parser.parse()
  File "C:\Users\hp\Desktop\MAJOR\markets\venv\Lib\site-packages\django\template\base.py", line 585, in parse
    raise self.error(token, e)
  File "C:\Users\hp\Desktop\MAJOR\markets\venv\Lib\site-packages\django\template\base.py", line 583, in parse
    compiled_result = compile_func(self, token)
  File "C:\Users\hp\Desktop\MAJOR\markets\venv\Lib\site-packages\django\template\loader_tags.py", line 307, in do_extends
    nodelist = parser.parse()
  File "C:\Users\hp\Desktop\MAJOR\markets\venv\Lib\site-packages\django\template\base.py", line 579, in parse
    self.invalid_block_tag(token, command, parse_until)
    ~~~~~~~~~~~~~~~~~~~~~~^^^^^^^^^^^^^^^^^^^^^^^^^^^^^
  File "C:\Users\hp\Desktop\MAJOR\markets\venv\Lib\site-packages\django\template\base.py", line 644, in invalid_block_tag
    raise self.error(
    ...<3 lines>...
    )
django.template.exceptions.TemplateSyntaxError: Template: C:\Users\hp\Desktop\MAJOR\markets\templates\paymentstatus.html, Invalid block tag on line 54: 'endblock'. Did you forget to register or load this tag?
Watching for file changes with StatReloader
Internal Server Error: /handlerequest/
Traceback (most recent call last):
  File "C:\Users\hp\Desktop\MAJOR\markets\venv\Lib\site-packages\django\template\base.py", line 577, in parse
    compile_func = self.tags[command]
                   ~~~~~~~~~^^^^^^^^^
KeyError: 'endblock'

During handling of the above exception, another exception occurred:

Traceback (most recent call last):
  File "C:\Users\hp\Desktop\MAJOR\markets\venv\Lib\site-packages\django\core\handlers\exception.py", line 55, in inner
    response = get_response(request)
  File "C:\Users\hp\Desktop\MAJOR\markets\venv\Lib\site-packages\django\core\handlers\base.py", line 198, in _get_response
    response = wrapped_callback(request, *callback_args, **callback_kwargs)
  File "C:\Users\hp\Desktop\MAJOR\markets\events\views.py", line 244, in handlerequest
    return render(request, 'paymentstatus.html', {
        'status': 'Success',
        'order_id': raw_id,
        'amount': res_data['data']['amount'] / 100  # Convert back from Kobo to Naira
    })
  File "C:\Users\hp\Desktop\MAJOR\markets\venv\Lib\site-packages\django\shortcuts.py", line 25, in render
    content = loader.render_to_string(template_name, context, request, using=using)
  File "C:\Users\hp\Desktop\MAJOR\markets\venv\Lib\site-packages\django\template\loader.py", line 61, in render_to_string
    template = get_template(template_name, using=using)
  File "C:\Users\hp\Desktop\MAJOR\markets\venv\Lib\site-packages\django\template\loader.py", line 15, in get_template
    return engine.get_template(template_name)
           ~~~~~~~~~~~~~~~~~~~^^^^^^^^^^^^^^^
  File "C:\Users\hp\Desktop\MAJOR\markets\venv\Lib\site-packages\django\template\backends\django.py", line 79, in get_template
    return Template(self.engine.get_template(template_name), self)
                    ~~~~~~~~~~~~~~~~~~~~~~~~^^^^^^^^^^^^^^^
  File "C:\Users\hp\Desktop\MAJOR\markets\venv\Lib\site-packages\django\template\engine.py", line 186, in get_template
    template, origin = self.find_template(template_name)
                       ~~~~~~~~~~~~~~~~~~^^^^^^^^^^^^^^^
  File "C:\Users\hp\Desktop\MAJOR\markets\venv\Lib\site-packages\django\template\engine.py", line 159, in find_template
    template = loader.get_template(name, skip=skip)
  File "C:\Users\hp\Desktop\MAJOR\markets\venv\Lib\site-packages\django\template\loaders\cached.py", line 57, in get_template
    template = super().get_template(template_name, skip)
  File "C:\Users\hp\Desktop\MAJOR\markets\venv\Lib\site-packages\django\template\loaders\base.py", line 28, in get_template
    return Template(
        contents,
    ...<2 lines>...
        self.engine,
    )
  File "C:\Users\hp\Desktop\MAJOR\markets\venv\Lib\site-packages\django\template\base.py", line 157, in __init__
    self.nodelist = self.compile_nodelist()
                    ~~~~~~~~~~~~~~~~~~~~~^^
  File "C:\Users\hp\Desktop\MAJOR\markets\venv\Lib\site-packages\django\template\base.py", line 199, in compile_nodelist
    nodelist = parser.parse()
  File "C:\Users\hp\Desktop\MAJOR\markets\venv\Lib\site-packages\django\template\base.py", line 585, in parse
    raise self.error(token, e)
  File "C:\Users\hp\Desktop\MAJOR\markets\venv\Lib\site-packages\django\template\base.py", line 583, in parse
    compiled_result = compile_func(self, token)
  File "C:\Users\hp\Desktop\MAJOR\markets\venv\Lib\site-packages\django\template\loader_tags.py", line 307, in do_extends
    nodelist = parser.parse()
  File "C:\Users\hp\Desktop\MAJOR\markets\venv\Lib\site-packages\django\template\base.py", line 579, in parse
    self.invalid_block_tag(token, command, parse_until)
    ~~~~~~~~~~~~~~~~~~~~~~^^^^^^^^^^^^^^^^^^^^^^^^^^^^^
  File "C:\Users\hp\Desktop\MAJOR\markets\venv\Lib\site-packages\django\template\base.py", line 644, in invalid_block_tag
    raise self.error(
    ...<3 lines>...
    )
django.template.exceptions.TemplateSyntaxError: Template: C:\Users\hp\Desktop\MAJOR\markets\templates\paymentstatus.html, Invalid block tag on line 54: 'endblock'. Did you forget to register or load this tag?
Watching for file changes with StatReloader
Watching for file changes with StatReloader
Watching for file changes with StatReloader
C:\Users\hp\Desktop\MAJOR\markets\events\admin.py changed, reloading.
Watching for file changes with StatReloader
Watching for file changes with StatReloader
C:\Users\hp\Desktop\MAJOR\markets\events\admin.py changed, reloading.
Watching for file changes with StatReloader
C:\Users\hp\Desktop\MAJOR\markets\events\views.py changed, reloading.
Watching for file changes with StatReloader
C:\Users\hp\Desktop\MAJOR\markets\events\views.py changed, reloading.
Watching for file changes with StatReloader
C:\Users\hp\Desktop\MAJOR\markets\events\context_processors.py changed, reloading.
Watching for file changes with StatReloader
Watching for file changes with StatReloader
Internal Server Error: /menu/
Traceback (most recent call last):
  File "C:\Users\hp\Desktop\MAJOR\markets\venv\Lib\site-packages\django\core\handlers\exception.py", line 55, in inner
    response = get_response(request)
  File "C:\Users\hp\Desktop\MAJOR\markets\venv\Lib\site-packages\django\core\handlers\base.py", line 198, in _get_response
    response = wrapped_callback(request, *callback_args, **callback_kwargs)
  File "C:\Users\hp\Desktop\MAJOR\markets\events\views.py", line 364, in menu_view
    return render(request, 'events/menu.html', context)
  File "C:\Users\hp\Desktop\MAJOR\markets\venv\Lib\site-packages\django\shortcuts.py", line 25, in render
    content = loader.render_to_string(template_name, context, request, using=using)
  File "C:\Users\hp\Desktop\MAJOR\markets\venv\Lib\site-packages\django\template\loader.py", line 61, in render_to_string
    template = get_template(template_name, using=using)
  File "C:\Users\hp\Desktop\MAJOR\markets\venv\Lib\site-packages\django\template\loader.py", line 15, in get_template
    return engine.get_template(template_name)
           ~~~~~~~~~~~~~~~~~~~^^^^^^^^^^^^^^^
  File "C:\Users\hp\Desktop\MAJOR\markets\venv\Lib\site-packages\django\template\backends\django.py", line 79, in get_template
    return Template(self.engine.get_template(template_name), self)
                    ~~~~~~~~~~~~~~~~~~~~~~~~^^^^^^^^^^^^^^^
  File "C:\Users\hp\Desktop\MAJOR\markets\venv\Lib\site-packages\django\template\engine.py", line 186, in get_template
    template, origin = self.find_template(template_name)
                       ~~~~~~~~~~~~~~~~~~^^^^^^^^^^^^^^^
  File "C:\Users\hp\Desktop\MAJOR\markets\venv\Lib\site-packages\django\template\engine.py", line 159, in find_template
    template = loader.get_template(name, skip=skip)
  File "C:\Users\hp\Desktop\MAJOR\markets\venv\Lib\site-packages\django\template\loaders\cached.py", line 57, in get_template
    template = super().get_template(template_name, skip)
  File "C:\Users\hp\Desktop\MAJOR\markets\venv\Lib\site-packages\django\template\loaders\base.py", line 28, in get_template
    return Template(
        contents,
    ...<2 lines>...
        self.engine,
    )
  File "C:\Users\hp\Desktop\MAJOR\markets\venv\Lib\site-packages\django\template\base.py", line 157, in __init__
    self.nodelist = self.compile_nodelist()
                    ~~~~~~~~~~~~~~~~~~~~~^^
  File "C:\Users\hp\Desktop\MAJOR\markets\venv\Lib\site-packages\django\template\base.py", line 199, in compile_nodelist
    nodelist = parser.parse()
  File "C:\Users\hp\Desktop\MAJOR\markets\venv\Lib\site-packages\django\template\base.py", line 585, in parse
    raise self.error(token, e)
  File "C:\Users\hp\Desktop\MAJOR\markets\venv\Lib\site-packages\django\template\base.py", line 583, in parse
    compiled_result = compile_func(self, token)
  File "C:\Users\hp\Desktop\MAJOR\markets\venv\Lib\site-packages\django\template\loader_tags.py", line 307, in do_extends
    nodelist = parser.parse()
  File "C:\Users\hp\Desktop\MAJOR\markets\venv\Lib\site-packages\django\template\base.py", line 585, in parse
    raise self.error(token, e)
  File "C:\Users\hp\Desktop\MAJOR\markets\venv\Lib\site-packages\django\template\base.py", line 583, in parse
    compiled_result = compile_func(self, token)
  File "C:\Users\hp\Desktop\MAJOR\markets\venv\Lib\site-packages\django\template\loader_tags.py", line 235, in do_block
    nodelist = parser.parse(("endblock",))
  File "C:\Users\hp\Desktop\MAJOR\markets\venv\Lib\site-packages\django\template\base.py", line 590, in parse
    self.unclosed_block_tag(parse_until)
    ~~~~~~~~~~~~~~~~~~~~~~~^^^^^^^^^^^^^
  File "C:\Users\hp\Desktop\MAJOR\markets\venv\Lib\site-packages\django\template\base.py", line 657, in unclosed_block_tag
    raise self.error(token, msg)
django.template.exceptions.TemplateSyntaxError: Template: C:\Users\hp\Desktop\MAJOR\markets\events\templates\events\menu.html, Unclosed tag on line 1: 'block'. Looking for one of: endblock.
Watching for file changes with StatReloader
Watching for file changes with StatReloader
Watching for file changes with StatReloader
Watching for file changes with StatReloader
Watching for file changes with StatReloader
Watching for file changes with StatReloader
Watching for file changes with StatReloader
Watching for file changes with StatReloader
Watching for file changes with StatReloader
C:\Users\hp\Desktop\MAJOR\markets\events\models.py changed, reloading.
Watching for file changes with StatReloader
C:\Users\hp\Desktop\MAJOR\markets\events\models.py changed, reloading.
Watching for file changes with StatReloader
C:\Users\hp\Desktop\MAJOR\markets\events\admin.py changed, reloading.
Watching for file changes with StatReloader
C:\Users\hp\Desktop\MAJOR\markets\events\admin.py changed, reloading.
Watching for file changes with StatReloader
Internal Server Error: /product/16/
Traceback (most recent call last):
  File "C:\Users\hp\Desktop\MAJOR\markets\venv\Lib\site-packages\django\db\backends\utils.py", line 105, in _execute
    return self.cursor.execute(sql, params)
           ~~~~~~~~~~~~~~~~~~~^^^^^^^^^^^^^
  File "C:\Users\hp\Desktop\MAJOR\markets\venv\Lib\site-packages\django\db\backends\sqlite3\base.py", line 359, in execute
    return super().execute(query, params)
           ~~~~~~~~~~~~~~~^^^^^^^^^^^^^^^
sqlite3.OperationalError: no such table: events_productimage

The above exception was the direct cause of the following exception:

Traceback (most recent call last):
  File "C:\Users\hp\Desktop\MAJOR\markets\venv\Lib\site-packages\django\core\handlers\exception.py", line 55, in inner
    response = get_response(request)
  File "C:\Users\hp\Desktop\MAJOR\markets\venv\Lib\site-packages\django\core\handlers\base.py", line 198, in _get_response
    response = wrapped_callback(request, *callback_args, **callback_kwargs)
  File "C:\Users\hp\Desktop\MAJOR\markets\events\views.py", line 403, in product_detail
    return render(request, 'events/item_detail_view.html', {'product': product_item})
  File "C:\Users\hp\Desktop\MAJOR\markets\venv\Lib\site-packages\django\shortcuts.py", line 25, in render
    content = loader.render_to_string(template_name, context, request, using=using)
  File "C:\Users\hp\Desktop\MAJOR\markets\venv\Lib\site-packages\django\template\loader.py", line 62, in render_to_string
    return template.render(context, request)
           ~~~~~~~~~~~~~~~^^^^^^^^^^^^^^^^^^
  File "C:\Users\hp\Desktop\MAJOR\markets\venv\Lib\site-packages\django\template\backends\django.py", line 107, in render
    return self.template.render(context)
           ~~~~~~~~~~~~~~~~~~~~^^^^^^^^^
  File "C:\Users\hp\Desktop\MAJOR\markets\venv\Lib\site-packages\django\template\base.py", line 174, in render
    return self._render(context)
           ~~~~~~~~~~~~^^^^^^^^^
  File "C:\Users\hp\Desktop\MAJOR\markets\venv\Lib\site-packages\django\template\base.py", line 166, in _render
    return self.nodelist.render(context)
           ~~~~~~~~~~~~~~~~~~~~^^^^^^^^^
  File "C:\Users\hp\Desktop\MAJOR\markets\venv\Lib\site-packages\django\template\base.py", line 1091, in render
    return SafeString("".join([node.render_annotated(context) for node in self]))
                               ~~~~~~~~~~~~~~~~~~~~~^^^^^^^^^
  File "C:\Users\hp\Desktop\MAJOR\markets\venv\Lib\site-packages\django\template\base.py", line 1052, in render_annotated
    return self.render(context)
           ~~~~~~~~~~~^^^^^^^^^
  File "C:\Users\hp\Desktop\MAJOR\markets\venv\Lib\site-packages\django\template\loader_tags.py", line 160, in render
    return compiled_parent._render(context)
           ~~~~~~~~~~~~~~~~~~~~~~~^^^^^^^^^
  File "C:\Users\hp\Desktop\MAJOR\markets\venv\Lib\site-packages\django\template\base.py", line 166, in _render
    return self.nodelist.render(context)
           ~~~~~~~~~~~~~~~~~~~~^^^^^^^^^
  File "C:\Users\hp\Desktop\MAJOR\markets\venv\Lib\site-packages\django\template\base.py", line 1091, in render
    return SafeString("".join([node.render_annotated(context) for node in self]))
                               ~~~~~~~~~~~~~~~~~~~~~^^^^^^^^^
  File "C:\Users\hp\Desktop\MAJOR\markets\venv\Lib\site-packages\django\template\base.py", line 1052, in render_annotated
    return self.render(context)
           ~~~~~~~~~~~^^^^^^^^^
  File "C:\Users\hp\Desktop\MAJOR\markets\venv\Lib\site-packages\django\template\loader_tags.py", line 66, in render
    result = block.nodelist.render(context)
  File "C:\Users\hp\Desktop\MAJOR\markets\venv\Lib\site-packages\django\template\base.py", line 1091, in render
    return SafeString("".join([node.render_annotated(context) for node in self]))
                               ~~~~~~~~~~~~~~~~~~~~~^^^^^^^^^
  File "C:\Users\hp\Desktop\MAJOR\markets\venv\Lib\site-packages\django\template\base.py", line 1052, in render_annotated
    return self.render(context)
           ~~~~~~~~~~~^^^^^^^^^
  File "C:\Users\hp\Desktop\MAJOR\markets\venv\Lib\site-packages\django\template\defaulttags.py", line 333, in render
    return nodelist.render(context)
           ~~~~~~~~~~~~~~~^^^^^^^^^
  File "C:\Users\hp\Desktop\MAJOR\markets\venv\Lib\site-packages\django\template\base.py", line 1091, in render
    return SafeString("".join([node.render_annotated(context) for node in self]))
                               ~~~~~~~~~~~~~~~~~~~~~^^^^^^^^^
  File "C:\Users\hp\Desktop\MAJOR\markets\venv\Lib\site-packages\django\template\base.py", line 1052, in render_annotated
    return self.render(context)
           ~~~~~~~~~~~^^^^^^^^^
  File "C:\Users\hp\Desktop\MAJOR\markets\venv\Lib\site-packages\django\template\defaulttags.py", line 332, in render
    if match:
       ^^^^^
  File "C:\Users\hp\Desktop\MAJOR\markets\venv\Lib\site-packages\django\db\models\query.py", line 404, in __bool__
    self._fetch_all()
    ~~~~~~~~~~~~~~~^^
  File "C:\Users\hp\Desktop\MAJOR\markets\venv\Lib\site-packages\django\db\models\query.py", line 2000, in _fetch_all
    self._result_cache = list(self._iterable_class(self))
                         ~~~~^^^^^^^^^^^^^^^^^^^^^^^^^^^^
  File "C:\Users\hp\Desktop\MAJOR\markets\venv\Lib\site-packages\django\db\models\query.py", line 95, in __iter__
    results = compiler.execute_sql(
        chunked_fetch=self.chunked_fetch, chunk_size=self.chunk_size
    )
  File "C:\Users\hp\Desktop\MAJOR\markets\venv\Lib\site-packages\django\db\models\sql\compiler.py", line 1624, in execute_sql
    cursor.execute(sql, params)
    ~~~~~~~~~~~~~~^^^^^^^^^^^^^
  File "C:\Users\hp\Desktop\MAJOR\markets\venv\Lib\site-packages\django\db\backends\utils.py", line 122, in execute
    return super().execute(sql, params)
           ~~~~~~~~~~~~~~~^^^^^^^^^^^^^
  File "C:\Users\hp\Desktop\MAJOR\markets\venv\Lib\site-packages\django\db\backends\utils.py", line 79, in execute
    return self._execute_with_wrappers(
           ~~~~~~~~~~~~~~~~~~~~~~~~~~~^
        sql, params, many=False, executor=self._execute
        ^^^^^^^^^^^^^^^^^^^^^^^^^^^^^^^^^^^^^^^^^^^^^^^
    )
    ^
  File "C:\Users\hp\Desktop\MAJOR\markets\venv\Lib\site-packages\django\db\backends\utils.py", line 92, in _execute_with_wrappers
    return executor(sql, params, many, context)
  File "C:\Users\hp\Desktop\MAJOR\markets\venv\Lib\site-packages\django\db\backends\utils.py", line 100, in _execute
    with self.db.wrap_database_errors:
         ^^^^^^^^^^^^^^^^^^^^^^^^^^^^
  File "C:\Users\hp\Desktop\MAJOR\markets\venv\Lib\site-packages\django\db\utils.py", line 94, in __exit__
    raise dj_exc_value.with_traceback(traceback) from exc_value
  File "C:\Users\hp\Desktop\MAJOR\markets\venv\Lib\site-packages\django\db\backends\utils.py", line 105, in _execute
    return self.cursor.execute(sql, params)
           ~~~~~~~~~~~~~~~~~~~^^^^^^^^^^^^^
  File "C:\Users\hp\Desktop\MAJOR\markets\venv\Lib\site-packages\django\db\backends\sqlite3\base.py", line 359, in execute
    return super().execute(query, params)
           ~~~~~~~~~~~~~~~^^^^^^^^^^^^^^^
django.db.utils.OperationalError: no such table: events_productimage
Watching for file changes with StatReloader
Watching for file changes with StatReloader
Watching for file changes with StatReloader
Watching for file changes with StatReloader
Watching for file changes with StatReloader
Watching for file changes with StatReloader
Watching for file changes with StatReloader
Watching for file changes with StatReloader
Watching for file changes with StatReloader
Watching for file changes with StatReloader
Watching for file changes with StatReloader
C:\Users\hp\Desktop\MAJOR\markets\events\views.py changed, reloading.
Watching for file changes with StatReloader
C:\Users\hp\Desktop\MAJOR\markets\events\views.py changed, reloading.
Watching for file changes with StatReloader
Watching for file changes with StatReloader
C:\Users\hp\Desktop\MAJOR\markets\events\views.py changed, reloading.
Watching for file changes with StatReloader
C:\Users\hp\Desktop\MAJOR\markets\events\views.py changed, reloading.
Watching for file changes with StatReloader
C:\Users\hp\Desktop\MAJOR\markets\events\views.py changed, reloading.
Watching for file changes with StatReloader
C:\Users\hp\Desktop\MAJOR\markets\events\views.py changed, reloading.
Watching for file changes with StatReloader
Watching for file changes with StatReloader
Watching for file changes with StatReloader
Watching for file changes with StatReloader
Watching for file changes with StatReloader
Watching for file changes with StatReloader
Watching for file changes with StatReloader
Watching for file changes with StatReloader
Watching for file changes with StatReloader
Watching for file changes with StatReloader
Watching for file changes with StatReloader
Watching for file changes with StatReloader
Watching for file changes with StatReloader
Watching for file changes with StatReloader
Watching for file changes with StatReloader
Watching for file changes with StatReloader
Internal Server Error: /menu/
Traceback (most recent call last):
  File "C:\Users\hp\Desktop\MAJOR\markets\venv\Lib\site-packages\django\template\base.py", line 577, in parse
    compile_func = self.tags[command]
                   ~~~~~~~~~^^^^^^^^^
KeyError: 'endblock'

During handling of the above exception, another exception occurred:

Traceback (most recent call last):
  File "C:\Users\hp\Desktop\MAJOR\markets\venv\Lib\site-packages\django\core\handlers\exception.py", line 55, in inner
    response = get_response(request)
  File "C:\Users\hp\Desktop\MAJOR\markets\venv\Lib\site-packages\django\core\handlers\base.py", line 198, in _get_response
    response = wrapped_callback(request, *callback_args, **callback_kwargs)
  File "C:\Users\hp\Desktop\MAJOR\markets\events\views.py", line 375, in menu_view
    return render(request, 'events/menu.html', context)
  File "C:\Users\hp\Desktop\MAJOR\markets\venv\Lib\site-packages\django\shortcuts.py", line 25, in render
    content = loader.render_to_string(template_name, context, request, using=using)
  File "C:\Users\hp\Desktop\MAJOR\markets\venv\Lib\site-packages\django\template\loader.py", line 61, in render_to_string
    template = get_template(template_name, using=using)
  File "C:\Users\hp\Desktop\MAJOR\markets\venv\Lib\site-packages\django\template\loader.py", line 15, in get_template
    return engine.get_template(template_name)
           ~~~~~~~~~~~~~~~~~~~^^^^^^^^^^^^^^^
  File "C:\Users\hp\Desktop\MAJOR\markets\venv\Lib\site-packages\django\template\backends\django.py", line 79, in get_template
    return Template(self.engine.get_template(template_name), self)
                    ~~~~~~~~~~~~~~~~~~~~~~~~^^^^^^^^^^^^^^^
  File "C:\Users\hp\Desktop\MAJOR\markets\venv\Lib\site-packages\django\template\engine.py", line 186, in get_template
    template, origin = self.find_template(template_name)
                       ~~~~~~~~~~~~~~~~~~^^^^^^^^^^^^^^^
  File "C:\Users\hp\Desktop\MAJOR\markets\venv\Lib\site-packages\django\template\engine.py", line 159, in find_template
    template = loader.get_template(name, skip=skip)
  File "C:\Users\hp\Desktop\MAJOR\markets\venv\Lib\site-packages\django\template\loaders\cached.py", line 57, in get_template
    template = super().get_template(template_name, skip)
  File "C:\Users\hp\Desktop\MAJOR\markets\venv\Lib\site-packages\django\template\loaders\base.py", line 28, in get_template
    return Template(
        contents,
    ...<2 lines>...
        self.engine,
    )
  File "C:\Users\hp\Desktop\MAJOR\markets\venv\Lib\site-packages\django\template\base.py", line 157, in __init__
    self.nodelist = self.compile_nodelist()
                    ~~~~~~~~~~~~~~~~~~~~~^^
  File "C:\Users\hp\Desktop\MAJOR\markets\venv\Lib\site-packages\django\template\base.py", line 199, in compile_nodelist
    nodelist = parser.parse()
  File "C:\Users\hp\Desktop\MAJOR\markets\venv\Lib\site-packages\django\template\base.py", line 585, in parse
    raise self.error(token, e)
  File "C:\Users\hp\Desktop\MAJOR\markets\venv\Lib\site-packages\django\template\base.py", line 583, in parse
    compiled_result = compile_func(self, token)
  File "C:\Users\hp\Desktop\MAJOR\markets\venv\Lib\site-packages\django\template\loader_tags.py", line 307, in do_extends
    nodelist = parser.parse()
  File "C:\Users\hp\Desktop\MAJOR\markets\venv\Lib\site-packages\django\template\base.py", line 585, in parse
    raise self.error(token, e)
  File "C:\Users\hp\Desktop\MAJOR\markets\venv\Lib\site-packages\django\template\base.py", line 583, in parse
    compiled_result = compile_func(self, token)
  File "C:\Users\hp\Desktop\MAJOR\markets\venv\Lib\site-packages\django\template\loader_tags.py", line 235, in do_block
    nodelist = parser.parse(("endblock",))
  File "C:\Users\hp\Desktop\MAJOR\markets\venv\Lib\site-packages\django\template\base.py", line 585, in parse
    raise self.error(token, e)
  File "C:\Users\hp\Desktop\MAJOR\markets\venv\Lib\site-packages\django\template\base.py", line 583, in parse
    compiled_result = compile_func(self, token)
  File "C:\Users\hp\Desktop\MAJOR\markets\venv\Lib\site-packages\django\template\defaulttags.py", line 994, in do_if
    nodelist = parser.parse(("elif", "else", "endif"))
  File "C:\Users\hp\Desktop\MAJOR\markets\venv\Lib\site-packages\django\template\base.py", line 579, in parse
    self.invalid_block_tag(token, command, parse_until)
    ~~~~~~~~~~~~~~~~~~~~~~^^^^^^^^^^^^^^^^^^^^^^^^^^^^^
  File "C:\Users\hp\Desktop\MAJOR\markets\venv\Lib\site-packages\django\template\base.py", line 634, in invalid_block_tag
    raise self.error(
    ...<8 lines>...
    )
django.template.exceptions.TemplateSyntaxError: Template: C:\Users\hp\Desktop\MAJOR\markets\events\templates\events\menu.html, Invalid block tag on line 278: 'endblock', expected 'elif', 'else' or 'endif'. Did you forget to register or load this tag?
Not Found: /favicon.ico
Watching for file changes with StatReloader
Watching for file changes with StatReloader
C:\Users\hp\Desktop\MAJOR\markets\events\views.py changed, reloading.
Watching for file changes with StatReloader
C:\Users\hp\Desktop\MAJOR\markets\events\views.py changed, reloading.
Watching for file changes with StatReloader
C:\Users\hp\Desktop\MAJOR\markets\events\views.py changed, reloading.
Watching for file changes with StatReloader
C:\Users\hp\Desktop\MAJOR\markets\events\views.py changed, reloading.
Watching for file changes with StatReloader
C:\Users\hp\Desktop\MAJOR\markets\events\views.py changed, reloading.
Watching for file changes with StatReloader
C:\Users\hp\Desktop\MAJOR\markets\events\views.py changed, reloading.
Watching for file changes with StatReloader
Watching for file changes with StatReloader
C:\Users\hp\Desktop\MAJOR\markets\events\views.py changed, reloading.
Watching for file changes with StatReloader
C:\Users\hp\Desktop\MAJOR\markets\events\views.py changed, reloading.
Watching for file changes with StatReloader
Watching for file changes with StatReloader
Watching for file changes with StatReloader
Watching for file changes with StatReloader
Watching for file changes with StatReloader
Watching for file changes with StatReloader
Watching for file changes with StatReloader
Watching for file changes with StatReloader
Watching for file changes with StatReloader
Watching for file changes with StatReloader
Watching for file changes with StatReloader
Watching for file changes with StatReloader
Watching for file changes with StatReloader
Not Found: /assets/pdf/menu.pdf
Watching for file changes with StatReloader
Watching for file changes with StatReloader
Watching for file changes with StatReloader
Watching for file changes with StatReloader
Watching for file changes with StatReloader
C:\Users\hp\Desktop\MAJOR\markets\events\views.py changed, reloading.
Watching for file changes with StatReloader
C:\Users\hp\Desktop\MAJOR\markets\events\urls.py changed, reloading.
Watching for file changes with StatReloader
Watching for file changes with StatReloader
Internal Server Error: /
Traceback (most recent call last):
  File "C:\Users\hp\Desktop\MAJOR\markets\venv\Lib\site-packages\django\core\handlers\exception.py", line 55, in inner
    response = get_response(request)
  File "C:\Users\hp\Desktop\MAJOR\markets\venv\Lib\site-packages\django\core\handlers\base.py", line 198, in _get_response
    response = wrapped_callback(request, *callback_args, **callback_kwargs)
  File "C:\Users\hp\Desktop\MAJOR\markets\events\views.py", line 47, in base
    return render(request, 'base.html', {'sitename': 'NiceRestaurant'})
  File "C:\Users\hp\Desktop\MAJOR\markets\venv\Lib\site-packages\django\shortcuts.py", line 25, in render
    content = loader.render_to_string(template_name, context, request, using=using)
  File "C:\Users\hp\Desktop\MAJOR\markets\venv\Lib\site-packages\django\template\loader.py", line 62, in render_to_string
    return template.render(context, request)
           ~~~~~~~~~~~~~~~^^^^^^^^^^^^^^^^^^
  File "C:\Users\hp\Desktop\MAJOR\markets\venv\Lib\site-packages\django\template\backends\django.py", line 107, in render
    return self.template.render(context)
           ~~~~~~~~~~~~~~~~~~~~^^^^^^^^^
  File "C:\Users\hp\Desktop\MAJOR\markets\venv\Lib\site-packages\django\template\base.py", line 174, in render
    return self._render(context)
           ~~~~~~~~~~~~^^^^^^^^^
  File "C:\Users\hp\Desktop\MAJOR\markets\venv\Lib\site-packages\django\template\base.py", line 166, in _render
    return self.nodelist.render(context)
           ~~~~~~~~~~~~~~~~~~~~^^^^^^^^^
  File "C:\Users\hp\Desktop\MAJOR\markets\venv\Lib\site-packages\django\template\base.py", line 1091, in render
    return SafeString("".join([node.render_annotated(context) for node in self]))
                               ~~~~~~~~~~~~~~~~~~~~~^^^^^^^^^
  File "C:\Users\hp\Desktop\MAJOR\markets\venv\Lib\site-packages\django\template\base.py", line 1052, in render_annotated
    return self.render(context)
           ~~~~~~~~~~~^^^^^^^^^
  File "C:\Users\hp\Desktop\MAJOR\markets\venv\Lib\site-packages\django\template\loader_tags.py", line 56, in render
    result = self.nodelist.render(context)
  File "C:\Users\hp\Desktop\MAJOR\markets\venv\Lib\site-packages\django\template\base.py", line 1091, in render
    return SafeString("".join([node.render_annotated(context) for node in self]))
                               ~~~~~~~~~~~~~~~~~~~~~^^^^^^^^^
  File "C:\Users\hp\Desktop\MAJOR\markets\venv\Lib\site-packages\django\template\base.py", line 1052, in render_annotated
    return self.render(context)
           ~~~~~~~~~~~^^^^^^^^^
  File "C:\Users\hp\Desktop\MAJOR\markets\venv\Lib\site-packages\django\template\defaulttags.py", line 511, in render
    url = reverse(view_name, args=args, kwargs=kwargs, current_app=current_app)
  File "C:\Users\hp\Desktop\MAJOR\markets\venv\Lib\site-packages\django\urls\base.py", line 98, in reverse
    resolved_url = resolver._reverse_with_prefix(view, prefix, *args, **kwargs)
  File "C:\Users\hp\Desktop\MAJOR\markets\venv\Lib\site-packages\django\urls\resolvers.py", line 842, in _reverse_with_prefix
    raise NoReverseMatch(msg)
django.urls.exceptions.NoReverseMatch: Reverse for 'download_menu' not found. 'download_menu' is not a valid view function or pattern name.
Watching for file changes with StatReloader
Internal Server Error: /
Traceback (most recent call last):
  File "C:\Users\hp\Desktop\MAJOR\markets\venv\Lib\site-packages\django\core\handlers\exception.py", line 55, in inner
    response = get_response(request)
  File "C:\Users\hp\Desktop\MAJOR\markets\venv\Lib\site-packages\django\core\handlers\base.py", line 198, in _get_response
    response = wrapped_callback(request, *callback_args, **callback_kwargs)
  File "C:\Users\hp\Desktop\MAJOR\markets\events\views.py", line 47, in base
    return render(request, 'base.html', {'sitename': 'NiceRestaurant'})
  File "C:\Users\hp\Desktop\MAJOR\markets\venv\Lib\site-packages\django\shortcuts.py", line 25, in render
    content = loader.render_to_string(template_name, context, request, using=using)
  File "C:\Users\hp\Desktop\MAJOR\markets\venv\Lib\site-packages\django\template\loader.py", line 62, in render_to_string
    return template.render(context, request)
           ~~~~~~~~~~~~~~~^^^^^^^^^^^^^^^^^^
  File "C:\Users\hp\Desktop\MAJOR\markets\venv\Lib\site-packages\django\template\backends\django.py", line 107, in render
    return self.template.render(context)
           ~~~~~~~~~~~~~~~~~~~~^^^^^^^^^
  File "C:\Users\hp\Desktop\MAJOR\markets\venv\Lib\site-packages\django\template\base.py", line 174, in render
    return self._render(context)
           ~~~~~~~~~~~~^^^^^^^^^
  File "C:\Users\hp\Desktop\MAJOR\markets\venv\Lib\site-packages\django\template\base.py", line 166, in _render
    return self.nodelist.render(context)
           ~~~~~~~~~~~~~~~~~~~~^^^^^^^^^
  File "C:\Users\hp\Desktop\MAJOR\markets\venv\Lib\site-packages\django\template\base.py", line 1091, in render
    return SafeString("".join([node.render_annotated(context) for node in self]))
                               ~~~~~~~~~~~~~~~~~~~~~^^^^^^^^^
  File "C:\Users\hp\Desktop\MAJOR\markets\venv\Lib\site-packages\django\template\base.py", line 1052, in render_annotated
    return self.render(context)
           ~~~~~~~~~~~^^^^^^^^^
  File "C:\Users\hp\Desktop\MAJOR\markets\venv\Lib\site-packages\django\template\loader_tags.py", line 56, in render
    result = self.nodelist.render(context)
  File "C:\Users\hp\Desktop\MAJOR\markets\venv\Lib\site-packages\django\template\base.py", line 1091, in render
    return SafeString("".join([node.render_annotated(context) for node in self]))
                               ~~~~~~~~~~~~~~~~~~~~~^^^^^^^^^
  File "C:\Users\hp\Desktop\MAJOR\markets\venv\Lib\site-packages\django\template\base.py", line 1052, in render_annotated
    return self.render(context)
           ~~~~~~~~~~~^^^^^^^^^
  File "C:\Users\hp\Desktop\MAJOR\markets\venv\Lib\site-packages\django\template\defaulttags.py", line 511, in render
    url = reverse(view_name, args=args, kwargs=kwargs, current_app=current_app)
  File "C:\Users\hp\Desktop\MAJOR\markets\venv\Lib\site-packages\django\urls\base.py", line 98, in reverse
    resolved_url = resolver._reverse_with_prefix(view, prefix, *args, **kwargs)
  File "C:\Users\hp\Desktop\MAJOR\markets\venv\Lib\site-packages\django\urls\resolvers.py", line 842, in _reverse_with_prefix
    raise NoReverseMatch(msg)
django.urls.exceptions.NoReverseMatch: Reverse for 'download_menu' not found. 'download_menu' is not a valid view function or pattern name.
Internal Server Error: /
Traceback (most recent call last):
  File "C:\Users\hp\Desktop\MAJOR\markets\venv\Lib\site-packages\django\core\handlers\exception.py", line 55, in inner
    response = get_response(request)
  File "C:\Users\hp\Desktop\MAJOR\markets\venv\Lib\site-packages\django\core\handlers\base.py", line 198, in _get_response
    response = wrapped_callback(request, *callback_args, **callback_kwargs)
  File "C:\Users\hp\Desktop\MAJOR\markets\events\views.py", line 47, in base
    return render(request, 'base.html', {'sitename': 'NiceRestaurant'})
  File "C:\Users\hp\Desktop\MAJOR\markets\venv\Lib\site-packages\django\shortcuts.py", line 25, in render
    content = loader.render_to_string(template_name, context, request, using=using)
  File "C:\Users\hp\Desktop\MAJOR\markets\venv\Lib\site-packages\django\template\loader.py", line 62, in render_to_string
    return template.render(context, request)
           ~~~~~~~~~~~~~~~^^^^^^^^^^^^^^^^^^
  File "C:\Users\hp\Desktop\MAJOR\markets\venv\Lib\site-packages\django\template\backends\django.py", line 107, in render
    return self.template.render(context)
           ~~~~~~~~~~~~~~~~~~~~^^^^^^^^^
  File "C:\Users\hp\Desktop\MAJOR\markets\venv\Lib\site-packages\django\template\base.py", line 174, in render
    return self._render(context)
           ~~~~~~~~~~~~^^^^^^^^^
  File "C:\Users\hp\Desktop\MAJOR\markets\venv\Lib\site-packages\django\template\base.py", line 166, in _render
    return self.nodelist.render(context)
           ~~~~~~~~~~~~~~~~~~~~^^^^^^^^^
  File "C:\Users\hp\Desktop\MAJOR\markets\venv\Lib\site-packages\django\template\base.py", line 1091, in render
    return SafeString("".join([node.render_annotated(context) for node in self]))
                               ~~~~~~~~~~~~~~~~~~~~~^^^^^^^^^
  File "C:\Users\hp\Desktop\MAJOR\markets\venv\Lib\site-packages\django\template\base.py", line 1052, in render_annotated
    return self.render(context)
           ~~~~~~~~~~~^^^^^^^^^
  File "C:\Users\hp\Desktop\MAJOR\markets\venv\Lib\site-packages\django\template\loader_tags.py", line 56, in render
    result = self.nodelist.render(context)
  File "C:\Users\hp\Desktop\MAJOR\markets\venv\Lib\site-packages\django\template\base.py", line 1091, in render
    return SafeString("".join([node.render_annotated(context) for node in self]))
                               ~~~~~~~~~~~~~~~~~~~~~^^^^^^^^^
  File "C:\Users\hp\Desktop\MAJOR\markets\venv\Lib\site-packages\django\template\base.py", line 1052, in render_annotated
    return self.render(context)
           ~~~~~~~~~~~^^^^^^^^^
  File "C:\Users\hp\Desktop\MAJOR\markets\venv\Lib\site-packages\django\template\defaulttags.py", line 511, in render
    url = reverse(view_name, args=args, kwargs=kwargs, current_app=current_app)
  File "C:\Users\hp\Desktop\MAJOR\markets\venv\Lib\site-packages\django\urls\base.py", line 98, in reverse
    resolved_url = resolver._reverse_with_prefix(view, prefix, *args, **kwargs)
  File "C:\Users\hp\Desktop\MAJOR\markets\venv\Lib\site-packages\django\urls\resolvers.py", line 842, in _reverse_with_prefix
    raise NoReverseMatch(msg)
django.urls.exceptions.NoReverseMatch: Reverse for 'download_menu' not found. 'download_menu' is not a valid view function or pattern name.
C:\Users\hp\Desktop\MAJOR\markets\events\views.py changed, reloading.
Watching for file changes with StatReloader
C:\Users\hp\Desktop\MAJOR\markets\events\urls.py changed, reloading.
Watching for file changes with StatReloader
Watching for file changes with StatReloader
Not Found: /login/
Not Found: /login
Watching for file changes with StatReloader
Watching for file changes with StatReloader
C:\Users\hp\Desktop\MAJOR\markets\account\views.py changed, reloading.
Watching for file changes with StatReloader
C:\Users\hp\Desktop\MAJOR\markets\account\views.py changed, reloading.
Watching for file changes with StatReloader
C:\Users\hp\Desktop\MAJOR\markets\account\views.py changed, reloading.
Watching for file changes with StatReloader
Watching for file changes with StatReloader
Watching for file changes with StatReloader
C:\Users\hp\Desktop\MAJOR\markets\account\views.py changed, reloading.
Watching for file changes with StatReloader
Watching for file changes with StatReloader
C:\Users\hp\Desktop\MAJOR\markets\account\views.py changed, reloading.
Watching for file changes with StatReloader
C:\Users\hp\Desktop\MAJOR\markets\account\views.py changed, reloading.
Watching for file changes with StatReloader
C:\Users\hp\Desktop\MAJOR\markets\account\views.py changed, reloading.
Watching for file changes with StatReloader
Watching for file changes with StatReloader
Watching for file changes with StatReloader
Watching for file changes with StatReloader
Watching for file changes with StatReloader
